{
  "type": "FeatureCollection",
  "name": "all_layers",
  "crs": {
    "type": "name",
    "properties": {
      "name": "urn:ogc:def:crs:OGC:1.3:CRS84"
    }
  },
  "features": [
    {
      "type": "Feature",
      "geometry": {
        "type": "LineString",
        "coordinates": [
          [
            96.612557,
            41.714873,
            1670.0
          ],
          [
            96.606789,
            41.719716,
            1670.0
          ]
        ]
      },
      "properties": {
        "name": "1105进风巷",
        "category": "tunnel",
        "point_count": 2,
        "z_min": 1670.0,
        "z_max": 1670.0
      }
    },
    {
      "type": "Feature",
      "geometry": {
        "type": "LineString",
        "coordinates": [
          [
            96.609368,
            41.712804,
            1628.0
          ],
          [
            96.6093,
            41.712878,
            1628.0
          ],
          [
            96.608933,
            41.713283,
            1623.0
          ],
          [
            96.608928,
            41.713372,
            1623.0
          ],
          [
            96.608957,
            41.713413,
            1623.0
          ],
          [
            96.609011,
            41.71345,
            1623.0
          ],
          [
            96.609408,
            41.713632,
            1623.0
          ],
          [
            96.609479,
            41.713625,
            1623.0
          ],
          [
            96.609534,
            41.713603,
            1623.0
          ],
          [
            96.609605,
            41.713539,
            1623.0
          ],
          [
            96.609652,
            41.713485,
            1623.0
          ]
        ]
      },
      "properties": {
        "name": "主水仓",
        "category": "tunnel",
        "point_count": 11,
        "z_min": 1623.0,
        "z_max": 1628.0
      }
    },
    {
      "type": "Feature",
      "geometry": {
        "type": "LineString",
        "coordinates": [
          [
            96.609995,
            41.713629,
            1630.0
          ],
          [
            96.610341,
            41.713808,
            1637.0
          ],
          [
            96.610654,
            41.713469,
            1637.0
          ]
        ]
      },
      "properties": {
        "name": "主排水泵房变电所",
        "category": "tunnel",
        "point_count": 3,
        "z_min": 1630.0,
        "z_max": 1637.0
      }
    },
    {
      "type": "Feature",
      "geometry": {
        "type": "LineString",
        "coordinates": [
          [
            96.613373,
            41.713781,
            1670.0
          ],
          [
            96.61297,
            41.714119,
            1672.0
          ],
          [
            96.612834,
            41.714235,
            1672.0
          ],
          [
            96.613001,
            41.714499,
            1670.0
          ]
        ]
      },
      "properties": {
        "name": "中部通风联络巷",
        "category": "tunnel",
        "point_count": 4,
        "z_min": 1670.0,
        "z_max": 1672.0
      }
    },
    {
      "type": "Feature",
      "geometry": {
        "type": "LineString",
        "coordinates": [
          [
            96.617687,
            41.71711,
            1738.4
          ],
          [
            96.617053,
            41.716776,
            1738.0
          ],
          [
            96.615733,
            41.716094,
            1721.0
          ],
          [
            96.615161,
            41.715798,
            1711.0
          ],
          [
            96.614747,
            41.715584,
            1711.0
          ],
          [
            96.613755,
            41.715071,
            1680.0
          ],
          [
            96.613249,
            41.71481,
            1671.0
          ],
          [
            96.612189,
            41.714262,
            1665.0
          ],
          [
            96.610654,
            41.713469,
            1637.0
          ],
          [
            96.609812,
            41.713035,
            1630.0
          ],
          [
            96.609368,
            41.712804,
            1628.0
          ]
        ]
      },
      "properties": {
        "name": "中央辅运大巷",
        "category": "tunnel",
        "point_count": 11,
        "z_min": 1628.0,
        "z_max": 1738.4
      }
    },
    {
      "type": "Feature",
      "geometry": {
        "type": "LineString",
        "coordinates": [
          [
            96.615161,
            41.714705,
            1718.0
          ],
          [
            96.614758,
            41.715043,
            1710.0
          ],
          [
            96.61456,
            41.715209,
            1690.0
          ],
          [
            96.614199,
            41.715118,
            1690.0
          ]
        ]
      },
      "properties": {
        "name": "单轨吊充电硐室",
        "category": "tunnel",
        "point_count": 4,
        "z_min": 1690.0,
        "z_max": 1718.0
      }
    },
    {
      "type": "Feature",
      "geometry": {
        "type": "LineString",
        "coordinates": [
          [
            96.61976,
            41.717628,
            1733.0
          ],
          [
            96.619065,
            41.717822,
            1733.3
          ]
        ]
      },
      "properties": {
        "name": "主斜井机尾联络巷",
        "category": "tunnel",
        "point_count": 2,
        "z_min": 1733.0,
        "z_max": 1733.3
      }
    },
    {
      "type": "Feature",
      "geometry": {
        "type": "LineString",
        "coordinates": [
          [
            96.626836,
            41.717504,
            1931.3
          ],
          [
            96.623747,
            41.71752,
            1831.3
          ],
          [
            96.620641,
            41.717537,
            1740.6
          ]
        ]
      },
      "properties": {
        "name": "回风斜井",
        "category": "tunnel",
        "point_count": 3,
        "z_min": 1740.6,
        "z_max": 1931.3
      }
    },
    {
      "type": "Feature",
      "geometry": {
        "type": "LineString",
        "coordinates": [
          [
            96.620101,
            41.717532,
            1733.2
          ],
          [
            96.619468,
            41.717201,
            1731.0
          ],
          [
            96.619048,
            41.717259,
            1727.5
          ]
        ]
      },
      "properties": {
        "name": "架空乘人器硐室",
        "category": "tunnel",
        "point_count": 3,
        "z_min": 1727.5,
        "z_max": 1733.2
      }
    },
    {
      "type": "Feature",
      "geometry": {
        "type": "LineString",
        "coordinates": [
          [
            96.619065,
            41.717822,
            1733.3
          ],
          [
            96.617687,
            41.71711,
            1738.4
          ]
        ]
      },
      "properties": {
        "name": "辅运联络巷",
        "category": "tunnel",
        "point_count": 2,
        "z_min": 1733.3,
        "z_max": 1738.4
      }
    },
    {
      "type": "Feature",
      "geometry": {
        "type": "LineString",
        "coordinates": [
          [
            96.610648,
            41.71292,
            1652.5
          ],
          [
            96.610306,
            41.71329,
            1634.0
          ],
          [
            96.609995,
            41.713629,
            1630.0
          ]
        ]
      },
      "properties": {
        "name": "管子道",
        "category": "tunnel",
        "point_count": 3,
        "z_min": 1630.0,
        "z_max": 1652.5
      }
    },
    {
      "type": "Feature",
      "geometry": {
        "type": "LineString",
        "coordinates": [
          [
            96.617457,
            41.716437,
            1721.6
          ],
          [
            96.617185,
            41.716666,
            1721.6
          ],
          [
            96.616655,
            41.717107,
            1710.0
          ],
          [
            96.615443,
            41.718124,
            1710.0
          ]
        ]
      },
      "properties": {
        "name": "机头硐室",
        "category": "tunnel",
        "point_count": 4,
        "z_min": 1710.0,
        "z_max": 1721.6
      }
    },
    {
      "type": "Feature",
      "geometry": {
        "type": "LineString",
        "coordinates": [
          [
            96.620804,
            41.717337,
            1735.6
          ],
          [
            96.620101,
            41.717532,
            1733.2
          ],
          [
            96.61976,
            41.717628,
            1733.0
          ]
        ]
      },
      "properties": {
        "name": "胶带石门",
        "category": "tunnel",
        "point_count": 3,
        "z_min": 1733.0,
        "z_max": 1735.6
      }
    },
    {
      "type": "Feature",
      "geometry": {
        "type": "LineString",
        "coordinates": [
          [
            96.612155,
            41.713698,
            1663.0
          ],
          [
            96.612189,
            41.714262,
            1665.0
          ]
        ]
      },
      "properties": {
        "name": "永久避难硐室",
        "category": "tunnel",
        "point_count": 2,
        "z_min": 1663.0,
        "z_max": 1665.0
      }
    },
    {
      "type": "Feature",
      "geometry": {
        "type": "LineString",
        "coordinates": [
          [
            96.614466,
            41.714892,
            1690.0
          ],
          [
            96.614199,
            41.715118,
            1690.0
          ],
          [
            96.614062,
            41.715231,
            1680.0
          ],
          [
            96.613513,
            41.715693,
            1685.0
          ],
          [
            96.608292,
            41.720075,
            1685.0
          ]
        ]
      },
      "properties": {
        "name": "1105回风巷",
        "category": "tunnel",
        "point_count": 5,
        "z_min": 1680.0,
        "z_max": 1690.0
      }
    },
    {
      "type": "Feature",
      "geometry": {
        "type": "LineString",
        "coordinates": [
          [
            96.609812,
            41.713035,
            1630.0
          ],
          [
            96.609544,
            41.713327,
            1630.0
          ],
          [
            96.609501,
            41.713373,
            1630.0
          ],
          [
            96.609672,
            41.713463,
            1630.0
          ],
          [
            96.609872,
            41.713566,
            1630.0
          ],
          [
            96.609995,
            41.713629,
            1630.0
          ]
        ]
      },
      "properties": {
        "name": "主排水泵房",
        "category": "tunnel",
        "point_count": 6,
        "z_min": 1630.0,
        "z_max": 1630.0
      }
    },
    {
      "type": "Feature",
      "geometry": {
        "type": "LineString",
        "coordinates": [
          [
            96.61976,
            41.717628,
            1733.0
          ],
          [
            96.619048,
            41.717259,
            1727.5
          ],
          [
            96.618375,
            41.716912,
            1721.9
          ],
          [
            96.617757,
            41.716592,
            1721.7
          ],
          [
            96.617457,
            41.716437,
            1721.6
          ],
          [
            96.616559,
            41.715973,
            1721.5
          ],
          [
            96.616259,
            41.715819,
            1721.4
          ],
          [
            96.615787,
            41.715575,
            1721.0
          ],
          [
            96.615217,
            41.715281,
            1712.0
          ],
          [
            96.614758,
            41.715043,
            1710.0
          ],
          [
            96.614466,
            41.714892,
            1690.0
          ],
          [
            96.613811,
            41.714553,
            1680.0
          ],
          [
            96.613268,
            41.714274,
            1670.0
          ],
          [
            96.612155,
            41.713698,
            1663.0
          ],
          [
            96.610648,
            41.71292,
            1652.5
          ],
          [
            96.609709,
            41.712433,
            1642.0
          ],
          [
            96.60951,
            41.712331,
            1641.0
          ],
          [
            96.609215,
            41.712179,
            1638.9
          ]
        ]
      },
      "properties": {
        "name": "中央胶带大巷",
        "category": "tunnel",
        "point_count": 18,
        "z_min": 1638.9,
        "z_max": 1733.0
      }
    },
    {
      "type": "Feature",
      "geometry": {
        "type": "LineString",
        "coordinates": [
          [
            96.615844,
            41.715058,
            1730.0
          ],
          [
            96.615733,
            41.716094,
            1721.0
          ]
        ]
      },
      "properties": {
        "name": "单轨吊充电检修硐室",
        "category": "tunnel",
        "point_count": 2,
        "z_min": 1721.0,
        "z_max": 1730.0
      }
    },
    {
      "type": "Feature",
      "geometry": {
        "type": "LineString",
        "coordinates": [
          [
            96.615274,
            41.714762,
            1718.0
          ],
          [
            96.615217,
            41.715281,
            1712.0
          ],
          [
            96.615161,
            41.715798,
            1711.0
          ]
        ]
      },
      "properties": {
        "name": "一采区变电所",
        "category": "tunnel",
        "point_count": 3,
        "z_min": 1711.0,
        "z_max": 1718.0
      }
    },
    {
      "type": "Feature",
      "geometry": {
        "type": "LineString",
        "coordinates": [
          [
            96.6093,
            41.712878,
            1628.0
          ],
          [
            96.608829,
            41.712948,
            1626.0
          ],
          [
            96.608777,
            41.712983,
            1626.0
          ],
          [
            96.608433,
            41.713369,
            1623.0
          ],
          [
            96.608472,
            41.713495,
            1623.0
          ],
          [
            96.609329,
            41.713941,
            1623.0
          ],
          [
            96.609394,
            41.713956,
            1623.0
          ],
          [
            96.609465,
            41.713953,
            1623.0
          ],
          [
            96.609525,
            41.71393,
            1623.0
          ],
          [
            96.609575,
            41.713887,
            1623.0
          ],
          [
            96.60985,
            41.713587,
            1623.0
          ]
        ]
      },
      "properties": {
        "name": "主水仓",
        "category": "tunnel",
        "point_count": 11,
        "z_min": 1623.0,
        "z_max": 1628.0
      }
    },
    {
      "type": "Feature",
      "geometry": {
        "type": "LineString",
        "coordinates": [
          [
            96.628657,
            41.715147,
            1931.3
          ],
          [
            96.624756,
            41.716233,
            1831.3
          ],
          [
            96.620804,
            41.717337,
            1735.6
          ]
        ]
      },
      "properties": {
        "name": "主斜井",
        "category": "tunnel",
        "point_count": 3,
        "z_min": 1735.6,
        "z_max": 1931.3
      }
    },
    {
      "type": "Feature",
      "geometry": {
        "type": "LineString",
        "coordinates": [
          [
            96.626719,
            41.714587,
            1932.3
          ],
          [
            96.624794,
            41.715132,
            1889.0
          ],
          [
            96.622808,
            41.715677,
            1845.5
          ],
          [
            96.619063,
            41.716721,
            1750.1
          ],
          [
            96.618555,
            41.716862,
            1738.9
          ]
        ]
      },
      "properties": {
        "name": "副斜井",
        "category": "tunnel",
        "point_count": 5,
        "z_min": 1738.9,
        "z_max": 1932.3
      }
    },
    {
      "type": "Feature",
      "geometry": {
        "type": "LineString",
        "coordinates": [
          [
            96.618372,
            41.716365,
            1738.4
          ],
          [
            96.618159,
            41.716254,
            1735.4
          ],
          [
            96.616962,
            41.715635,
            1734.0
          ],
          [
            96.615844,
            41.715058,
            1730.0
          ],
          [
            96.615274,
            41.714762,
            1718.0
          ],
          [
            96.615161,
            41.714705,
            1718.0
          ],
          [
            96.613373,
            41.713781,
            1670.0
          ],
          [
            96.60985,
            41.711962,
            1641.0
          ]
        ]
      },
      "properties": {
        "name": "中央回风大巷",
        "category": "tunnel",
        "point_count": 8,
        "z_min": 1641.0,
        "z_max": 1738.4
      }
    },
    {
      "type": "Feature",
      "geometry": {
        "type": "LineString",
        "coordinates": [
          [
            96.60985,
            41.711962,
            1641.0
          ],
          [
            96.60951,
            41.712331,
            1641.0
          ]
        ]
      },
      "properties": {
        "name": "大巷联络巷",
        "category": "tunnel",
        "point_count": 2,
        "z_min": 1641.0,
        "z_max": 1641.0
      }
    },
    {
      "type": "Feature",
      "geometry": {
        "type": "LineString",
        "coordinates": [
          [
            96.606789,
            41.719716,
            1670.0
          ],
          [
            96.608292,
            41.720075,
            1685.0
          ]
        ]
      },
      "properties": {
        "name": "1015工作面停采线",
        "category": "tunnel",
        "point_count": 2,
        "z_min": 1670.0,
        "z_max": 1685.0
      }
    },
    {
      "type": "Feature",
      "geometry": {
        "type": "LineString",
        "coordinates": [
          [
            96.608292,
            41.720075,
            1685.0
          ],
          [
            96.600994,
            41.726204,
            1690.0
          ],
          [
            96.600647,
            41.726495,
            1690.0
          ],
          [
            96.594247,
            41.73187,
            1690.0
          ]
        ]
      },
      "properties": {
        "name": "1105回风顺槽",
        "category": "tunnel",
        "point_count": 4,
        "z_min": 1685.0,
        "z_max": 1690.0
      }
    },
    {
      "type": "Feature",
      "geometry": {
        "type": "LineString",
        "coordinates": [
          [
            96.606789,
            41.719716,
            1670.0
          ],
          [
            96.599572,
            41.725779,
            1679.8
          ],
          [
            96.599494,
            41.725845,
            1679.9
          ],
          [
            96.593173,
            41.731154,
            1680.0
          ]
        ]
      },
      "properties": {
        "name": "1105胶带顺槽",
        "category": "tunnel",
        "point_count": 4,
        "z_min": 1670.0,
        "z_max": 1680.0
      }
    },
    {
      "type": "Feature",
      "geometry": {
        "type": "LineString",
        "coordinates": [
          [
            96.593173,
            41.731154,
            1680.0
          ],
          [
            96.594247,
            41.73187,
            1690.0
          ]
        ]
      },
      "properties": {
        "name": "1015工作面切眼",
        "category": "tunnel",
        "point_count": 2,
        "z_min": 1680.0,
        "z_max": 1690.0
      }
    },
    {
      "type": "Feature",
      "geometry": {
        "type": "LineString",
        "coordinates": [
          [
            96.599572,
            41.725779,
            1679.8
          ],
          [
            96.600647,
            41.726495,
            1690.0
          ]
        ]
      },
      "properties": {
        "name": "1015工作面巷道",
        "category": "tunnel",
        "point_count": 2,
        "z_min": 1679.8,
        "z_max": 1690.0
      }
    },
    {
      "type": "Feature",
      "geometry": {
        "type": "LineString",
        "coordinates": [
          [
            96.606789,
            41.719716,
            1670.0
          ],
          [
            96.608292,
            41.720075,
            1685.0
          ]
        ]
      },
      "properties": {
        "name": "1105工作面",
        "category": "tunnel",
        "point_count": 2,
        "z_min": 1670.0,
        "z_max": 1685.0
      }
    },
    {
      "type": "Feature",
      "geometry": {
        "type": "LineString",
        "coordinates": [
          [
            96.608292,
            41.720075,
            1685.0
          ],
          [
            96.600994,
            41.726204,
            1690.0
          ],
          [
            96.600647,
            41.726495,
            1690.0
          ],
          [
            96.594247,
            41.73187,
            1690.0
          ]
        ]
      },
      "properties": {
        "name": "1105工作面",
        "category": "tunnel",
        "point_count": 4,
        "z_min": 1685.0,
        "z_max": 1690.0
      }
    },
    {
      "type": "Feature",
      "geometry": {
        "type": "LineString",
        "coordinates": [
          [
            96.606789,
            41.719716,
            1670.0
          ],
          [
            96.599572,
            41.725779,
            1679.8
          ],
          [
            96.599494,
            41.725845,
            1679.9
          ],
          [
            96.593173,
            41.731154,
            1680.0
          ]
        ]
      },
      "properties": {
        "name": "1105工作面",
        "category": "tunnel",
        "point_count": 4,
        "z_min": 1670.0,
        "z_max": 1680.0
      }
    },
    {
      "type": "Feature",
      "geometry": {
        "type": "LineString",
        "coordinates": [
          [
            96.593173,
            41.731154,
            1680.0
          ],
          [
            96.594247,
            41.73187,
            1690.0
          ]
        ]
      },
      "properties": {
        "name": "1105工作面",
        "category": "tunnel",
        "point_count": 2,
        "z_min": 1680.0,
        "z_max": 1690.0
      }
    },
    {
      "type": "Feature",
      "geometry": {
        "type": "LineString",
        "coordinates": [
          [
            96.599572,
            41.725779,
            1679.8
          ],
          [
            96.600647,
            41.726495,
            1690.0
          ]
        ]
      },
      "properties": {
        "name": "1105工作面",
        "category": "tunnel",
        "point_count": 2,
        "z_min": 1679.8,
        "z_max": 1690.0
      }
    },
    {
      "type": "Feature",
      "geometry": {
        "type": "Point",
        "coordinates": [
          96.628657,
          41.715147,
          1931.3
        ]
      },
      "properties": {
        "id": "YJMDTBMY10120011F00",
        "name": "主斜井井口130分站",
        "sensor_type": "分站",
        "matched_tunnel": "主斜井",
        "confidence": "中",
        "score": 0,
        "category": "device"
      }
    },
    {
      "type": "Feature",
      "geometry": {
        "type": "Point",
        "coordinates": [
          96.628646,
          41.71515,
          1931.2
        ]
      },
      "properties": {
        "id": "YJMDTBMY10120107",
        "name": "主井口风速",
        "sensor_type": "风速",
        "matched_tunnel": "主斜井",
        "confidence": "中",
        "score": 0,
        "category": "device"
      }
    },
    {
      "type": "Feature",
      "geometry": {
        "type": "Point",
        "coordinates": [
          96.628635,
          41.715153,
          1932.5
        ]
      },
      "properties": {
        "id": "YJMDTBMY10121N5182",
        "name": "天宝公司-主井井口皮带",
        "sensor_type": "工业视频",
        "matched_tunnel": "主斜井",
        "confidence": "中",
        "score": 0,
        "category": "device"
      }
    },
    {
      "type": "Feature",
      "geometry": {
        "type": "Point",
        "coordinates": [
          96.628624,
          41.715156,
          1932.3
        ]
      },
      "properties": {
        "id": "YJMDTBMY10121N5971",
        "name": "天宝井工矿-主斜井井口",
        "sensor_type": "工业视频",
        "matched_tunnel": "主斜井",
        "confidence": "中",
        "score": 0,
        "category": "device"
      }
    },
    {
      "type": "Feature",
      "geometry": {
        "type": "Point",
        "coordinates": [
          96.628614,
          41.715159,
          1932.0
        ]
      },
      "properties": {
        "id": "YJMDTBMY10121N5181",
        "name": "天宝公司-主斜井井口下",
        "sensor_type": "工业视频",
        "matched_tunnel": "主斜井",
        "confidence": "中",
        "score": 0,
        "category": "device"
      }
    },
    {
      "type": "Feature",
      "geometry": {
        "type": "Point",
        "coordinates": [
          96.628603,
          41.715162,
          1929.9
        ]
      },
      "properties": {
        "id": "YJMDTBMY10140011007",
        "name": "主井井口11-7_人数",
        "sensor_type": "人数",
        "matched_tunnel": "主斜井",
        "confidence": "中",
        "score": 0,
        "category": "device"
      }
    },
    {
      "type": "Feature",
      "geometry": {
        "type": "Point",
        "coordinates": [
          96.626719,
          41.714587,
          1932.3
        ]
      },
      "properties": {
        "id": "YJMDTBMY10120012F00",
        "name": "副斜井井口130分站",
        "sensor_type": "分站",
        "matched_tunnel": "副斜井",
        "confidence": "中",
        "score": 0,
        "category": "device"
      }
    },
    {
      "type": "Feature",
      "geometry": {
        "type": "Point",
        "coordinates": [
          96.626708,
          41.71459,
          1932.3
        ]
      },
      "properties": {
        "id": "YJMDTBMY10120185",
        "name": "副井口风速",
        "sensor_type": "风速",
        "matched_tunnel": "副斜井",
        "confidence": "中",
        "score": 0,
        "category": "device"
      }
    },
    {
      "type": "Feature",
      "geometry": {
        "type": "Point",
        "coordinates": [
          96.626697,
          41.714593,
          1932.0
        ]
      },
      "properties": {
        "id": "YJMDTBMY10120314",
        "name": "副井井口皮带机头烟雾传感器",
        "sensor_type": "烟雾",
        "matched_tunnel": "副斜井",
        "confidence": "中",
        "score": 0,
        "category": "device"
      }
    },
    {
      "type": "Feature",
      "geometry": {
        "type": "Point",
        "coordinates": [
          96.626686,
          41.714597,
          1931.8
        ]
      },
      "properties": {
        "id": "YJMDTBMY10120357",
        "name": "副井井口皮带机头CO_一氧化碳",
        "sensor_type": "一氧化碳",
        "matched_tunnel": "副斜井",
        "confidence": "中",
        "score": 0,
        "category": "device"
      }
    },
    {
      "type": "Feature",
      "geometry": {
        "type": "Point",
        "coordinates": [
          96.626675,
          41.7146,
          1933.1
        ]
      },
      "properties": {
        "id": "YJMDTBMY10121N5106",
        "name": "天宝公司-副斜井井口上",
        "sensor_type": "工业视频",
        "matched_tunnel": "副斜井",
        "confidence": "中",
        "score": 0,
        "category": "device"
      }
    },
    {
      "type": "Feature",
      "geometry": {
        "type": "Point",
        "coordinates": [
          96.626664,
          41.714603,
          1932.9
        ]
      },
      "properties": {
        "id": "YJMDTBMY10121N5970",
        "name": "天宝井工矿-副斜井井口",
        "sensor_type": "工业视频",
        "matched_tunnel": "副斜井",
        "confidence": "中",
        "score": 0,
        "category": "device"
      }
    },
    {
      "type": "Feature",
      "geometry": {
        "type": "Point",
        "coordinates": [
          96.626654,
          41.714606,
          1932.6
        ]
      },
      "properties": {
        "id": "YJMDTBMY10121N6061",
        "name": "天宝公司-副斜井井口道岔",
        "sensor_type": "工业视频",
        "matched_tunnel": "副斜井",
        "confidence": "中",
        "score": 0,
        "category": "device"
      }
    },
    {
      "type": "Feature",
      "geometry": {
        "type": "Point",
        "coordinates": [
          96.626643,
          41.714609,
          1930.6
        ]
      },
      "properties": {
        "id": "YJMDTBMY10140012007",
        "name": "副井井口12-7_人数",
        "sensor_type": "人数",
        "matched_tunnel": "副斜井",
        "confidence": "中",
        "score": 0,
        "category": "device"
      }
    },
    {
      "type": "Feature",
      "geometry": {
        "type": "Point",
        "coordinates": [
          96.626632,
          41.714612,
          1932.1
        ]
      },
      "properties": {
        "id": "YJMDTBMY10121N6105",
        "name": "天宝井工矿-副斜井井口",
        "sensor_type": "工业视频",
        "matched_tunnel": "副斜井",
        "confidence": "中",
        "score": 0,
        "category": "device"
      }
    },
    {
      "type": "Feature",
      "geometry": {
        "type": "Point",
        "coordinates": [
          96.619372,
          41.716635,
          1758.0
        ]
      },
      "properties": {
        "id": "YJMDTBMY10120014F00",
        "name": "副斜井井底车场130分站",
        "sensor_type": "分站",
        "matched_tunnel": "副斜井",
        "confidence": "中",
        "score": 0,
        "category": "device"
      }
    },
    {
      "type": "Feature",
      "geometry": {
        "type": "Point",
        "coordinates": [
          96.619361,
          41.716638,
          1759.5
        ]
      },
      "properties": {
        "id": "YJMDTBMY10121N6046",
        "name": "天宝公司-副井水平井底车场",
        "sensor_type": "工业视频",
        "matched_tunnel": "副斜井",
        "confidence": "中",
        "score": 0,
        "category": "device"
      }
    },
    {
      "type": "Feature",
      "geometry": {
        "type": "Point",
        "coordinates": [
          96.61935,
          41.716641,
          1757.4
        ]
      },
      "properties": {
        "id": "YJMDTBMY10140026007",
        "name": "副井井底26-7_人数",
        "sensor_type": "人数",
        "matched_tunnel": "副斜井",
        "confidence": "中",
        "score": 0,
        "category": "device"
      }
    },
    {
      "type": "Feature",
      "geometry": {
        "type": "Point",
        "coordinates": [
          96.620699,
          41.717366,
          1735.2
        ]
      },
      "properties": {
        "id": "YJMDTBMY10120016F00",
        "name": "胶带石门130分站",
        "sensor_type": "分站",
        "matched_tunnel": "胶带石门",
        "confidence": "中",
        "score": 0,
        "category": "device"
      }
    },
    {
      "type": "Feature",
      "geometry": {
        "type": "Point",
        "coordinates": [
          96.620688,
          41.717369,
          1735.2
        ]
      },
      "properties": {
        "id": "YJMDTBMY10120017F00",
        "name": "轨道石门130分站",
        "sensor_type": "分站",
        "matched_tunnel": "胶带石门",
        "confidence": "低",
        "score": 0,
        "category": "device"
      }
    },
    {
      "type": "Feature",
      "geometry": {
        "type": "Point",
        "coordinates": [
          96.620677,
          41.717372,
          1737.0
        ]
      },
      "properties": {
        "id": "YJMDTBMY10121N5192",
        "name": "天宝公司-胶带石门皮带搭接处",
        "sensor_type": "工业视频",
        "matched_tunnel": "胶带石门",
        "confidence": "中",
        "score": 0,
        "category": "device"
      }
    },
    {
      "type": "Feature",
      "geometry": {
        "type": "Point",
        "coordinates": [
          96.620665,
          41.717375,
          1736.9
        ]
      },
      "properties": {
        "id": "YJMDTBMY10121N5190",
        "name": "天宝公司-轨道石门",
        "sensor_type": "工业视频",
        "matched_tunnel": "胶带石门",
        "confidence": "低",
        "score": 0,
        "category": "device"
      }
    },
    {
      "type": "Feature",
      "geometry": {
        "type": "Point",
        "coordinates": [
          96.620654,
          41.717378,
          1736.9
        ]
      },
      "properties": {
        "id": "YJMDTBMY10121N5196",
        "name": "天宝公司-胶带石门",
        "sensor_type": "工业视频",
        "matched_tunnel": "胶带石门",
        "confidence": "中",
        "score": 0,
        "category": "device"
      }
    },
    {
      "type": "Feature",
      "geometry": {
        "type": "Point",
        "coordinates": [
          96.61685,
          41.716671,
          1735.4
        ]
      },
      "properties": {
        "id": "YJMDTBMY10120102",
        "name": "中央辅运大巷工作面  主风机开停中央辅运大巷工作面  主风机开停_设备开停",
        "sensor_type": "开停",
        "matched_tunnel": "中央辅运大巷",
        "confidence": "中",
        "score": 0,
        "category": "device"
      }
    },
    {
      "type": "Feature",
      "geometry": {
        "type": "Point",
        "coordinates": [
          96.61684,
          41.716666,
          1735.3
        ]
      },
      "properties": {
        "id": "YJMDTBMY10120106",
        "name": "中央辅运大巷工作面  副风机开停中央辅运大巷工作面  副风机开停_设备开停",
        "sensor_type": "开停",
        "matched_tunnel": "中央辅运大巷",
        "confidence": "中",
        "score": 0,
        "category": "device"
      }
    },
    {
      "type": "Feature",
      "geometry": {
        "type": "Point",
        "coordinates": [
          96.61683,
          41.716661,
          1736.6
        ]
      },
      "properties": {
        "id": "YJMDTBMY10120163",
        "name": "中央辅运大巷工作面粉尘",
        "sensor_type": "粉尘",
        "matched_tunnel": "中央辅运大巷",
        "confidence": "中",
        "score": 0,
        "category": "device"
      }
    },
    {
      "type": "Feature",
      "geometry": {
        "type": "Point",
        "coordinates": [
          96.616821,
          41.716656,
          1735.0
        ]
      },
      "properties": {
        "id": "YJMDTBMY10120537",
        "name": "中央辅运大巷掘进工作面 风筒状态风筒开关",
        "sensor_type": "风筒",
        "matched_tunnel": "中央辅运大巷",
        "confidence": "中",
        "score": 0,
        "category": "device"
      }
    },
    {
      "type": "Feature",
      "geometry": {
        "type": "Point",
        "coordinates": [
          96.616811,
          41.716651,
          1734.9
        ]
      },
      "properties": {
        "id": "YJMDTBMY1012088",
        "name": "中央辅运大巷远控开关1140v馈电状态_馈电器",
        "sensor_type": "馈电",
        "matched_tunnel": "中央辅运大巷",
        "confidence": "中",
        "score": 0,
        "category": "device"
      }
    },
    {
      "type": "Feature",
      "geometry": {
        "type": "Point",
        "coordinates": [
          96.616801,
          41.716646,
          1734.8
        ]
      },
      "properties": {
        "id": "YJMDTBMY1012089",
        "name": "中央辅运大巷远控开关1140v断电状态_断电器",
        "sensor_type": "断电",
        "matched_tunnel": "中央辅运大巷",
        "confidence": "中",
        "score": 0,
        "category": "device"
      }
    },
    {
      "type": "Feature",
      "geometry": {
        "type": "Point",
        "coordinates": [
          96.616791,
          41.716641,
          1734.6
        ]
      },
      "properties": {
        "id": "YJMDTBMY10140021007",
        "name": "中央辅运大巷21-7_人数",
        "sensor_type": "人数",
        "matched_tunnel": "中央辅运大巷",
        "confidence": "中",
        "score": 0,
        "category": "device"
      }
    },
    {
      "type": "Feature",
      "geometry": {
        "type": "Point",
        "coordinates": [
          96.618699,
          41.717079,
          1724.6
        ]
      },
      "properties": {
        "id": "YJMDTBMY10120115",
        "name": "中央胶带大巷工作面   副风机开停中央胶带大巷工作面   副风机开停_设备开停",
        "sensor_type": "开停",
        "matched_tunnel": "中央胶带大巷",
        "confidence": "中",
        "score": 0,
        "category": "device"
      }
    },
    {
      "type": "Feature",
      "geometry": {
        "type": "Point",
        "coordinates": [
          96.618689,
          41.717074,
          1726.0
        ]
      },
      "properties": {
        "id": "YJMDTBMY10120162",
        "name": "中央胶带大巷工作面粉尘",
        "sensor_type": "粉尘",
        "matched_tunnel": "中央胶带大巷",
        "confidence": "中",
        "score": 0,
        "category": "device"
      }
    },
    {
      "type": "Feature",
      "geometry": {
        "type": "Point",
        "coordinates": [
          96.618679,
          41.717069,
          1724.4
        ]
      },
      "properties": {
        "id": "YJMDTBMY1012068",
        "name": "中央胶带大巷工作面 风筒状态风筒开关",
        "sensor_type": "风筒",
        "matched_tunnel": "中央胶带大巷",
        "confidence": "中",
        "score": 0,
        "category": "device"
      }
    },
    {
      "type": "Feature",
      "geometry": {
        "type": "Point",
        "coordinates": [
          96.618669,
          41.717064,
          1724.3
        ]
      },
      "properties": {
        "id": "YJMDTBMY1012084",
        "name": "中央胶带大巷远控开关1140v馈电状态_馈电器",
        "sensor_type": "馈电",
        "matched_tunnel": "中央胶带大巷",
        "confidence": "中",
        "score": 0,
        "category": "device"
      }
    },
    {
      "type": "Feature",
      "geometry": {
        "type": "Point",
        "coordinates": [
          96.61866,
          41.717059,
          1724.2
        ]
      },
      "properties": {
        "id": "YJMDTBMY1012085",
        "name": "中央胶带大巷远控开关1140v断电状态_断电器",
        "sensor_type": "断电",
        "matched_tunnel": "中央胶带大巷",
        "confidence": "中",
        "score": 0,
        "category": "device"
      }
    },
    {
      "type": "Feature",
      "geometry": {
        "type": "Point",
        "coordinates": [
          96.61865,
          41.717054,
          1724.1
        ]
      },
      "properties": {
        "id": "YJMDTBMY1012099",
        "name": "中央胶带大巷工作面  主风机开停中央胶带大巷工作面  主风机开停_设备开停",
        "sensor_type": "开停",
        "matched_tunnel": "中央胶带大巷",
        "confidence": "中",
        "score": 0,
        "category": "device"
      }
    },
    {
      "type": "Feature",
      "geometry": {
        "type": "Point",
        "coordinates": [
          96.61864,
          41.717049,
          1724.1
        ]
      },
      "properties": {
        "id": "YJMDTBMY10140027007",
        "name": "中央胶带大巷27-7_人数",
        "sensor_type": "人数",
        "matched_tunnel": "中央胶带大巷",
        "confidence": "中",
        "score": 0,
        "category": "device"
      }
    },
    {
      "type": "Feature",
      "geometry": {
        "type": "Point",
        "coordinates": [
          96.617513,
          41.715921,
          1734.6
        ]
      },
      "properties": {
        "id": "YJMDTBMY10120119",
        "name": "中央回风大巷工作面副风机开停中央回风大巷工作面副风机开停_设备开停",
        "sensor_type": "开停",
        "matched_tunnel": "中央回风大巷",
        "confidence": "中",
        "score": 0,
        "category": "device"
      }
    },
    {
      "type": "Feature",
      "geometry": {
        "type": "Point",
        "coordinates": [
          96.617504,
          41.715916,
          1734.6
        ]
      },
      "properties": {
        "id": "YJMDTBMY10120131",
        "name": "中央回风大巷掘进工作面风筒状态 风筒开关风筒开关",
        "sensor_type": "风筒",
        "matched_tunnel": "中央回风大巷",
        "confidence": "中",
        "score": 0,
        "category": "device"
      }
    },
    {
      "type": "Feature",
      "geometry": {
        "type": "Point",
        "coordinates": [
          96.617494,
          41.71591,
          1734.6
        ]
      },
      "properties": {
        "id": "YJMDTBMY10120140",
        "name": "中央回风大巷工作面主风机开停中央回风大巷工作面主风机开停_设备开停",
        "sensor_type": "开停",
        "matched_tunnel": "中央回风大巷",
        "confidence": "中",
        "score": 0,
        "category": "device"
      }
    },
    {
      "type": "Feature",
      "geometry": {
        "type": "Point",
        "coordinates": [
          96.617484,
          41.715905,
          1734.6
        ]
      },
      "properties": {
        "id": "YJMDTBMY10120146",
        "name": "回风大巷副风机远控开关馈电状态_馈电器",
        "sensor_type": "馈电",
        "matched_tunnel": "中央回风大巷",
        "confidence": "中",
        "score": 0,
        "category": "device"
      }
    },
    {
      "type": "Feature",
      "geometry": {
        "type": "Point",
        "coordinates": [
          96.617474,
          41.7159,
          1734.6
        ]
      },
      "properties": {
        "id": "YJMDTBMY10120155",
        "name": "回风大巷副风机远控开关断电状态_断电器",
        "sensor_type": "断电",
        "matched_tunnel": "中央回风大巷",
        "confidence": "中",
        "score": 0,
        "category": "device"
      }
    },
    {
      "type": "Feature",
      "geometry": {
        "type": "Point",
        "coordinates": [
          96.617464,
          41.715895,
          1734.6
        ]
      },
      "properties": {
        "id": "YJMDTBMY10120160",
        "name": "回风大巷主风机远控开关馈电状态_馈电器",
        "sensor_type": "馈电",
        "matched_tunnel": "中央回风大巷",
        "confidence": "中",
        "score": 0,
        "category": "device"
      }
    },
    {
      "type": "Feature",
      "geometry": {
        "type": "Point",
        "coordinates": [
          96.617454,
          41.71589,
          1736.1
        ]
      },
      "properties": {
        "id": "YJMDTBMY10120164",
        "name": "中央回风大巷工作面粉尘",
        "sensor_type": "粉尘",
        "matched_tunnel": "中央回风大巷",
        "confidence": "中",
        "score": 0,
        "category": "device"
      }
    },
    {
      "type": "Feature",
      "geometry": {
        "type": "Point",
        "coordinates": [
          96.617444,
          41.715885,
          1734.6
        ]
      },
      "properties": {
        "id": "YJMDTBMY10120177",
        "name": "回风大巷主风机远控开关断电状态_断电器",
        "sensor_type": "断电",
        "matched_tunnel": "中央回风大巷",
        "confidence": "中",
        "score": 0,
        "category": "device"
      }
    },
    {
      "type": "Feature",
      "geometry": {
        "type": "Point",
        "coordinates": [
          96.617434,
          41.71588,
          1734.6
        ]
      },
      "properties": {
        "id": "YJMDTBMY1012091",
        "name": "中央回风大巷远控开关1140v馈电状态_馈电器",
        "sensor_type": "馈电",
        "matched_tunnel": "中央回风大巷",
        "confidence": "中",
        "score": 0,
        "category": "device"
      }
    },
    {
      "type": "Feature",
      "geometry": {
        "type": "Point",
        "coordinates": [
          96.617424,
          41.715875,
          1734.5
        ]
      },
      "properties": {
        "id": "YJMDTBMY1012092",
        "name": "中央回风大巷远控开关1140v断电状态_断电器",
        "sensor_type": "断电",
        "matched_tunnel": "中央回风大巷",
        "confidence": "中",
        "score": 0,
        "category": "device"
      }
    },
    {
      "type": "Feature",
      "geometry": {
        "type": "Point",
        "coordinates": [
          96.617415,
          41.71587,
          1734.5
        ]
      },
      "properties": {
        "id": "YJMDTBMY10140023007",
        "name": "中央回风大巷掘进工作面23-7_人数",
        "sensor_type": "人数",
        "matched_tunnel": "中央回风大巷",
        "confidence": "中",
        "score": 0,
        "category": "device"
      }
    },
    {
      "type": "Feature",
      "geometry": {
        "type": "Point",
        "coordinates": [
          96.60985,
          41.711962,
          1641.0
        ]
      },
      "properties": {
        "id": "YJMDTBMY10140016007",
        "name": "中央回风大巷900米16-7_人数",
        "sensor_type": "人数",
        "matched_tunnel": "中央回风大巷",
        "confidence": "中",
        "score": 0,
        "category": "device"
      }
    },
    {
      "type": "Feature",
      "geometry": {
        "type": "Point",
        "coordinates": [
          96.611138,
          41.712627,
          1651.8
        ]
      },
      "properties": {
        "id": "YJMDTBMY10120121",
        "name": "中央回风大巷工作面回风流温度_环境温度",
        "sensor_type": "温度",
        "matched_tunnel": "中央回风大巷",
        "confidence": "中",
        "score": 0,
        "category": "device"
      }
    },
    {
      "type": "Feature",
      "geometry": {
        "type": "Point",
        "coordinates": [
          96.611128,
          41.712621,
          1651.7
        ]
      },
      "properties": {
        "id": "YJMDTBMY1012093",
        "name": "中央回风大巷回风流CO_一氧化碳",
        "sensor_type": "一氧化碳",
        "matched_tunnel": "中央回风大巷",
        "confidence": "中",
        "score": 0,
        "category": "device"
      }
    },
    {
      "type": "Feature",
      "geometry": {
        "type": "Point",
        "coordinates": [
          96.611138,
          41.712627,
          1651.9
        ]
      },
      "properties": {
        "id": "YJMDTBMY10120122",
        "name": "中央回风大巷掘进工作面CH4  (T2)_激光甲烷",
        "sensor_type": "瓦斯",
        "matched_tunnel": "中央回风大巷",
        "confidence": "中",
        "score": 0,
        "category": "device"
      }
    },
    {
      "type": "Feature",
      "geometry": {
        "type": "Point",
        "coordinates": [
          96.611128,
          41.712621,
          1653.3
        ]
      },
      "properties": {
        "id": "YJMDTBMY10121N6100",
        "name": "天宝公司-中央回风大巷掘进工作面T2处",
        "sensor_type": "工业视频",
        "matched_tunnel": "中央回风大巷",
        "confidence": "中",
        "score": 0,
        "category": "device"
      }
    },
    {
      "type": "Feature",
      "geometry": {
        "type": "Point",
        "coordinates": [
          96.624373,
          41.717517,
          1851.8
        ]
      },
      "properties": {
        "id": "YJMDTBMY10120141",
        "name": "总回风风速",
        "sensor_type": "风速",
        "matched_tunnel": "回风斜井",
        "confidence": "中",
        "score": 0,
        "category": "device"
      }
    },
    {
      "type": "Feature",
      "geometry": {
        "type": "Point",
        "coordinates": [
          96.624362,
          41.717517,
          1851.4
        ]
      },
      "properties": {
        "id": "YJMDTBMY10120142",
        "name": "总回风温度_环境温度",
        "sensor_type": "温度",
        "matched_tunnel": "回风斜井",
        "confidence": "中",
        "score": 0,
        "category": "device"
      }
    },
    {
      "type": "Feature",
      "geometry": {
        "type": "Point",
        "coordinates": [
          96.624351,
          41.717517,
          1851.0
        ]
      },
      "properties": {
        "id": "YJMDTBMY10120143",
        "name": "总回风CO_一氧化碳",
        "sensor_type": "一氧化碳",
        "matched_tunnel": "回风斜井",
        "confidence": "中",
        "score": 0,
        "category": "device"
      }
    },
    {
      "type": "Feature",
      "geometry": {
        "type": "Point",
        "coordinates": [
          96.62434,
          41.717517,
          1850.8
        ]
      },
      "properties": {
        "id": "YJMDTBMY10120144",
        "name": "总回风CH4_激光甲烷",
        "sensor_type": "瓦斯",
        "matched_tunnel": "回风斜井",
        "confidence": "中",
        "score": 0,
        "category": "device"
      }
    },
    {
      "type": "Feature",
      "geometry": {
        "type": "Point",
        "coordinates": [
          96.624329,
          41.717517,
          1851.9
        ]
      },
      "properties": {
        "id": "YJMDTBMY10121N5133",
        "name": "天宝公司-回风料场东",
        "sensor_type": "工业视频",
        "matched_tunnel": "回风斜井",
        "confidence": "低",
        "score": 0,
        "category": "device"
      }
    },
    {
      "type": "Feature",
      "geometry": {
        "type": "Point",
        "coordinates": [
          96.610275,
          41.712726,
          1648.5
        ]
      },
      "properties": {
        "id": "YJMDTBMY10120148",
        "name": "中央胶带大巷皮带机尾CO_一氧化碳",
        "sensor_type": "一氧化碳",
        "matched_tunnel": "中央胶带大巷",
        "confidence": "中",
        "score": 0,
        "category": "device"
      }
    },
    {
      "type": "Feature",
      "geometry": {
        "type": "Point",
        "coordinates": [
          96.610265,
          41.712721,
          1648.4
        ]
      },
      "properties": {
        "id": "YJMDTBMY10120149",
        "name": "中央胶带大巷皮带机尾烟雾",
        "sensor_type": "烟雾",
        "matched_tunnel": "中央胶带大巷",
        "confidence": "中",
        "score": 0,
        "category": "device"
      }
    },
    {
      "type": "Feature",
      "geometry": {
        "type": "Point",
        "coordinates": [
          96.610629,
          41.713456,
          1637.0
        ]
      },
      "properties": {
        "id": "YJMDTBMY1012015",
        "name": "中央辅运大巷工作面回风流温度_环境温度",
        "sensor_type": "温度",
        "matched_tunnel": "中央辅运大巷",
        "confidence": "中",
        "score": 0,
        "category": "device"
      }
    },
    {
      "type": "Feature",
      "geometry": {
        "type": "Point",
        "coordinates": [
          96.610619,
          41.71345,
          1636.9
        ]
      },
      "properties": {
        "id": "YJMDTBMY1012016",
        "name": "中央辅运大巷工作面回风流CO_一氧化碳",
        "sensor_type": "一氧化碳",
        "matched_tunnel": "中央辅运大巷",
        "confidence": "中",
        "score": 0,
        "category": "device"
      }
    },
    {
      "type": "Feature",
      "geometry": {
        "type": "Point",
        "coordinates": [
          96.610209,
          41.713239,
          1633.5
        ]
      },
      "properties": {
        "id": "YJMDTBMY10120151",
        "name": "中央辅运大巷皮带机尾CO_一氧化碳",
        "sensor_type": "一氧化碳",
        "matched_tunnel": "中央辅运大巷",
        "confidence": "中",
        "score": 0,
        "category": "device"
      }
    },
    {
      "type": "Feature",
      "geometry": {
        "type": "Point",
        "coordinates": [
          96.610199,
          41.713234,
          1633.4
        ]
      },
      "properties": {
        "id": "YJMDTBMY10120152",
        "name": "中央辅运大巷皮带机尾烟雾",
        "sensor_type": "烟雾",
        "matched_tunnel": "中央辅运大巷",
        "confidence": "中",
        "score": 0,
        "category": "device"
      }
    },
    {
      "type": "Feature",
      "geometry": {
        "type": "Point",
        "coordinates": [
          96.617457,
          41.716437,
          1721.8
        ]
      },
      "properties": {
        "id": "YJMDTBMY10120158",
        "name": "机头硐室皮带机尾CO_一氧化碳",
        "sensor_type": "一氧化碳",
        "matched_tunnel": "机头硐室",
        "confidence": "中",
        "score": 0,
        "category": "device"
      }
    },
    {
      "type": "Feature",
      "geometry": {
        "type": "Point",
        "coordinates": [
          96.617449,
          41.716443,
          1721.8
        ]
      },
      "properties": {
        "id": "YJMDTBMY10120159",
        "name": "机头硐室皮带机尾烟雾",
        "sensor_type": "烟雾",
        "matched_tunnel": "机头硐室",
        "confidence": "中",
        "score": 0,
        "category": "device"
      }
    },
    {
      "type": "Feature",
      "geometry": {
        "type": "Point",
        "coordinates": [
          96.617441,
          41.71645,
          1721.8
        ]
      },
      "properties": {
        "id": "YJMDTBMY1012076",
        "name": "机头硐室皮带机头C O_一氧化碳",
        "sensor_type": "一氧化碳",
        "matched_tunnel": "机头硐室",
        "confidence": "中",
        "score": 0,
        "category": "device"
      }
    },
    {
      "type": "Feature",
      "geometry": {
        "type": "Point",
        "coordinates": [
          96.617433,
          41.716457,
          1721.8
        ]
      },
      "properties": {
        "id": "YJMDTBMY1012077",
        "name": "机头硐室 皮带机头烟雾",
        "sensor_type": "烟雾",
        "matched_tunnel": "机头硐室",
        "confidence": "中",
        "score": 0,
        "category": "device"
      }
    },
    {
      "type": "Feature",
      "geometry": {
        "type": "Point",
        "coordinates": [
          96.617425,
          41.716464,
          1723.4
        ]
      },
      "properties": {
        "id": "YJMDTBMY10121N5191",
        "name": "天宝公司-机头硐室带式输送机机头",
        "sensor_type": "工业视频",
        "matched_tunnel": "机头硐室",
        "confidence": "中",
        "score": 0,
        "category": "device"
      }
    },
    {
      "type": "Feature",
      "geometry": {
        "type": "Point",
        "coordinates": [
          96.617417,
          41.71647,
          1721.6
        ]
      },
      "properties": {
        "id": "YJMDTBMY10140022007",
        "name": "机头硐室工作面22-7_人数",
        "sensor_type": "人数",
        "matched_tunnel": "机头硐室",
        "confidence": "中",
        "score": 0,
        "category": "device"
      }
    },
    {
      "type": "Feature",
      "geometry": {
        "type": "Point",
        "coordinates": [
          96.613293,
          41.713848,
          1670.4
        ]
      },
      "properties": {
        "id": "YJMDTBMY10120166",
        "name": "中部通风联络巷主风机远控开关馈电状态_馈电器",
        "sensor_type": "馈电",
        "matched_tunnel": "中部通风联络巷",
        "confidence": "中",
        "score": 0,
        "category": "device"
      }
    },
    {
      "type": "Feature",
      "geometry": {
        "type": "Point",
        "coordinates": [
          96.613285,
          41.713855,
          1670.4
        ]
      },
      "properties": {
        "id": "YJMDTBMY10120167",
        "name": "中部通风联络巷主风机远控开关断电状态_断电器",
        "sensor_type": "断电",
        "matched_tunnel": "中部通风联络巷",
        "confidence": "中",
        "score": 0,
        "category": "device"
      }
    },
    {
      "type": "Feature",
      "geometry": {
        "type": "Point",
        "coordinates": [
          96.613277,
          41.713861,
          1670.5
        ]
      },
      "properties": {
        "id": "YJMDTBMY10120196",
        "name": "中部通风联络巷风筒状态风筒开关风筒开关",
        "sensor_type": "风筒",
        "matched_tunnel": "中部通风联络巷",
        "confidence": "中",
        "score": 0,
        "category": "device"
      }
    },
    {
      "type": "Feature",
      "geometry": {
        "type": "Point",
        "coordinates": [
          96.613269,
          41.713868,
          1670.5
        ]
      },
      "properties": {
        "id": "YJMDTBMY10120201",
        "name": "中部通风联络巷工作面主风机开停中部通风联络巷工作面主风机开停_设备开停",
        "sensor_type": "开停",
        "matched_tunnel": "中部通风联络巷",
        "confidence": "中",
        "score": 0,
        "category": "device"
      }
    },
    {
      "type": "Feature",
      "geometry": {
        "type": "Point",
        "coordinates": [
          96.613261,
          41.713875,
          1670.6
        ]
      },
      "properties": {
        "id": "YJMDTBMY10120204",
        "name": "中部通风联络巷工作面副风机开停中部通风联络巷工作面副风机开停_设备开停",
        "sensor_type": "开停",
        "matched_tunnel": "中部通风联络巷",
        "confidence": "中",
        "score": 0,
        "category": "device"
      }
    },
    {
      "type": "Feature",
      "geometry": {
        "type": "Point",
        "coordinates": [
          96.613253,
          41.713881,
          1670.6
        ]
      },
      "properties": {
        "id": "YJMDTBMY1012045",
        "name": "主通风机1号机开停状态主通风机1号机开停状态_设备开停",
        "sensor_type": "开停",
        "matched_tunnel": "中部通风联络巷",
        "confidence": "低",
        "score": 0,
        "category": "device"
      }
    },
    {
      "type": "Feature",
      "geometry": {
        "type": "Point",
        "coordinates": [
          96.613245,
          41.713888,
          1670.6
        ]
      },
      "properties": {
        "id": "YJMDTBMY1012048",
        "name": "主通风机2号机开停状态主通风机2号机开停状态_设备开停",
        "sensor_type": "开停",
        "matched_tunnel": "中部通风联络巷",
        "confidence": "低",
        "score": 0,
        "category": "device"
      }
    },
    {
      "type": "Feature",
      "geometry": {
        "type": "Point",
        "coordinates": [
          96.613237,
          41.713895,
          1670.7
        ]
      },
      "properties": {
        "id": "YJMDTBMY1012080",
        "name": "主通风机2号机负压",
        "sensor_type": "负压",
        "matched_tunnel": "中部通风联络巷",
        "confidence": "低",
        "score": 0,
        "category": "device"
      }
    },
    {
      "type": "Feature",
      "geometry": {
        "type": "Point",
        "coordinates": [
          96.613229,
          41.713902,
          1670.7
        ]
      },
      "properties": {
        "id": "YJMDTBMY1012081",
        "name": "主通风机1号机负压",
        "sensor_type": "负压",
        "matched_tunnel": "中部通风联络巷",
        "confidence": "低",
        "score": 0,
        "category": "device"
      }
    },
    {
      "type": "Feature",
      "geometry": {
        "type": "Point",
        "coordinates": [
          96.618372,
          41.716365,
          1738.6
        ]
      },
      "properties": {
        "id": "YJMDTBMY10120178",
        "name": "中央回风大巷二部皮带机头CO_一氧化碳",
        "sensor_type": "一氧化碳",
        "matched_tunnel": "中央回风大巷",
        "confidence": "中",
        "score": 0,
        "category": "device"
      }
    },
    {
      "type": "Feature",
      "geometry": {
        "type": "Point",
        "coordinates": [
          96.618363,
          41.71636,
          1738.5
        ]
      },
      "properties": {
        "id": "YJMDTBMY10120180",
        "name": "中央回风大巷一部皮带机头CO_一氧化碳",
        "sensor_type": "一氧化碳",
        "matched_tunnel": "中央回风大巷",
        "confidence": "中",
        "score": 0,
        "category": "device"
      }
    },
    {
      "type": "Feature",
      "geometry": {
        "type": "Point",
        "coordinates": [
          96.618353,
          41.716354,
          1738.3
        ]
      },
      "properties": {
        "id": "YJMDTBMY10120181",
        "name": "中央回风大巷一部皮带机头烟雾",
        "sensor_type": "烟雾",
        "matched_tunnel": "中央回风大巷",
        "confidence": "中",
        "score": 0,
        "category": "device"
      }
    },
    {
      "type": "Feature",
      "geometry": {
        "type": "Point",
        "coordinates": [
          96.618343,
          41.716349,
          1738.2
        ]
      },
      "properties": {
        "id": "YJMDTBMY10120182",
        "name": "中央回风大巷二部皮带机头烟雾",
        "sensor_type": "烟雾",
        "matched_tunnel": "中央回风大巷",
        "confidence": "中",
        "score": 0,
        "category": "device"
      }
    },
    {
      "type": "Feature",
      "geometry": {
        "type": "Point",
        "coordinates": [
          96.618333,
          41.716344,
          1739.6
        ]
      },
      "properties": {
        "id": "YJMDTBMY10121N5127",
        "name": "天宝公司-中央回风大巷二部皮带带式输送机机头",
        "sensor_type": "工业视频",
        "matched_tunnel": "中央回风大巷",
        "confidence": "中",
        "score": 0,
        "category": "device"
      }
    },
    {
      "type": "Feature",
      "geometry": {
        "type": "Point",
        "coordinates": [
          96.618323,
          41.716339,
          1739.5
        ]
      },
      "properties": {
        "id": "YJMDTBMY10121N6097",
        "name": "天宝公司-中央回风大巷一部皮带带式输送机机头",
        "sensor_type": "工业视频",
        "matched_tunnel": "中央回风大巷",
        "confidence": "中",
        "score": 0,
        "category": "device"
      }
    },
    {
      "type": "Feature",
      "geometry": {
        "type": "Point",
        "coordinates": [
          96.618314,
          41.716334,
          1739.4
        ]
      },
      "properties": {
        "id": "YJMDTBMY10121N6051",
        "name": "天宝公司-中央回风大巷一部皮带带式输送机机头",
        "sensor_type": "工业视频",
        "matched_tunnel": "中央回风大巷",
        "confidence": "中",
        "score": 0,
        "category": "device"
      }
    },
    {
      "type": "Feature",
      "geometry": {
        "type": "Point",
        "coordinates": [
          96.610709,
          41.712405,
          1648.3
        ]
      },
      "properties": {
        "id": "YJMDTBMY10120183",
        "name": "中央回风大巷二部皮带机尾CO_一氧化碳",
        "sensor_type": "一氧化碳",
        "matched_tunnel": "中央回风大巷",
        "confidence": "中",
        "score": 0,
        "category": "device"
      }
    },
    {
      "type": "Feature",
      "geometry": {
        "type": "Point",
        "coordinates": [
          96.610699,
          41.7124,
          1648.2
        ]
      },
      "properties": {
        "id": "YJMDTBMY10120184",
        "name": "中央回风大巷二部皮带机尾烟雾",
        "sensor_type": "烟雾",
        "matched_tunnel": "中央回风大巷",
        "confidence": "中",
        "score": 0,
        "category": "device"
      }
    },
    {
      "type": "Feature",
      "geometry": {
        "type": "Point",
        "coordinates": [
          96.613353,
          41.713798,
          1670.4
        ]
      },
      "properties": {
        "id": "YJMDTBMY10120193",
        "name": "中部通风联络巷掘进工作面CH4（T1）_激光甲烷",
        "sensor_type": "瓦斯",
        "matched_tunnel": "中部通风联络巷",
        "confidence": "中",
        "score": 0,
        "category": "device"
      }
    },
    {
      "type": "Feature",
      "geometry": {
        "type": "Point",
        "coordinates": [
          96.612962,
          41.714438,
          1670.8
        ]
      },
      "properties": {
        "id": "YJMDTBMY10120206",
        "name": "中部通风联络巷掘进工作面CH4（T2）_激光甲烷",
        "sensor_type": "瓦斯",
        "matched_tunnel": "中部通风联络巷",
        "confidence": "中",
        "score": 0,
        "category": "device"
      }
    },
    {
      "type": "Feature",
      "geometry": {
        "type": "Point",
        "coordinates": [
          96.612924,
          41.714377,
          1671.1
        ]
      },
      "properties": {
        "id": "YJMDTBMY10120207",
        "name": "中部通风联络巷工作面回风流温度_环境温度",
        "sensor_type": "温度",
        "matched_tunnel": "中部通风联络巷",
        "confidence": "中",
        "score": 0,
        "category": "device"
      }
    },
    {
      "type": "Feature",
      "geometry": {
        "type": "Point",
        "coordinates": [
          96.612929,
          41.714385,
          1671.1
        ]
      },
      "properties": {
        "id": "YJMDTBMY10120209",
        "name": "中部通风联络巷工作面回风流CO_一氧化碳",
        "sensor_type": "一氧化碳",
        "matched_tunnel": "中部通风联络巷",
        "confidence": "中",
        "score": 0,
        "category": "device"
      }
    },
    {
      "type": "Feature",
      "geometry": {
        "type": "Point",
        "coordinates": [
          96.610629,
          41.713456,
          1637.1
        ]
      },
      "properties": {
        "id": "YJMDTBMY10120414",
        "name": "中央辅运大巷掘进工作面CH4(T2)_激光甲烷",
        "sensor_type": "瓦斯",
        "matched_tunnel": "中央辅运大巷",
        "confidence": "中",
        "score": 0,
        "category": "device"
      }
    },
    {
      "type": "Feature",
      "geometry": {
        "type": "Point",
        "coordinates": [
          96.610619,
          41.71345,
          1638.5
        ]
      },
      "properties": {
        "id": "YJMDTBMY10121N5188",
        "name": "天宝公司-中央辅运大巷掘进工作面T2处",
        "sensor_type": "工业视频",
        "matched_tunnel": "中央辅运大巷",
        "confidence": "中",
        "score": 0,
        "category": "device"
      }
    },
    {
      "type": "Feature",
      "geometry": {
        "type": "Point",
        "coordinates": [
          96.617687,
          41.71711,
          1738.7
        ]
      },
      "properties": {
        "id": "YJMDTBMY10120538",
        "name": "中央辅运大巷掘进工作面CH4(T1)_激光甲烷",
        "sensor_type": "瓦斯",
        "matched_tunnel": "中央辅运大巷",
        "confidence": "中",
        "score": 0,
        "category": "device"
      }
    },
    {
      "type": "Feature",
      "geometry": {
        "type": "Point",
        "coordinates": [
          96.617677,
          41.717105,
          1740.2
        ]
      },
      "properties": {
        "id": "YJMDTBMY10121N6103",
        "name": "天宝公司-中央辅运大巷掘进工作面T1朝向外口",
        "sensor_type": "工业视频",
        "matched_tunnel": "中央辅运大巷",
        "confidence": "中",
        "score": 0,
        "category": "device"
      }
    },
    {
      "type": "Feature",
      "geometry": {
        "type": "Point",
        "coordinates": [
          96.617667,
          41.7171,
          1740.1
        ]
      },
      "properties": {
        "id": "YJMDTBMY10121N6052",
        "name": "天宝公司-中央辅运大巷掘进工作面T1朝向迎头",
        "sensor_type": "工业视频",
        "matched_tunnel": "中央辅运大巷",
        "confidence": "中",
        "score": 0,
        "category": "device"
      }
    },
    {
      "type": "Feature",
      "geometry": {
        "type": "Point",
        "coordinates": [
          96.61976,
          41.717628,
          1733.3
        ]
      },
      "properties": {
        "id": "YJMDTBMY1012067",
        "name": "中央胶带大巷工作面CH4（T1）_激光甲烷",
        "sensor_type": "瓦斯",
        "matched_tunnel": "中央胶带大巷",
        "confidence": "中",
        "score": 0,
        "category": "device"
      }
    },
    {
      "type": "Feature",
      "geometry": {
        "type": "Point",
        "coordinates": [
          96.61975,
          41.717623,
          1734.7
        ]
      },
      "properties": {
        "id": "YJMDTBMY10121N6049",
        "name": "天宝公司-中央胶带大巷掘进工作面T1朝向迎头",
        "sensor_type": "工业视频",
        "matched_tunnel": "中央胶带大巷",
        "confidence": "中",
        "score": 0,
        "category": "device"
      }
    },
    {
      "type": "Feature",
      "geometry": {
        "type": "Point",
        "coordinates": [
          96.61974,
          41.717618,
          1734.6
        ]
      },
      "properties": {
        "id": "YJMDTBMY10121N6050",
        "name": "天宝公司-中央胶带大巷掘进工作面T1朝向外口",
        "sensor_type": "工业视频",
        "matched_tunnel": "中央胶带大巷",
        "confidence": "中",
        "score": 0,
        "category": "device"
      }
    },
    {
      "type": "Feature",
      "geometry": {
        "type": "Point",
        "coordinates": [
          96.619065,
          41.717822,
          1733.5
        ]
      },
      "properties": {
        "id": "YJMDTBMY1012069",
        "name": "辅运联络巷皮带机头 CO_一氧化碳",
        "sensor_type": "一氧化碳",
        "matched_tunnel": "辅运联络巷",
        "confidence": "中",
        "score": 0,
        "category": "device"
      }
    },
    {
      "type": "Feature",
      "geometry": {
        "type": "Point",
        "coordinates": [
          96.619055,
          41.717817,
          1733.5
        ]
      },
      "properties": {
        "id": "YJMDTBMY1012070",
        "name": "辅运联络巷皮带机头 烟雾",
        "sensor_type": "烟雾",
        "matched_tunnel": "辅运联络巷",
        "confidence": "中",
        "score": 0,
        "category": "device"
      }
    },
    {
      "type": "Feature",
      "geometry": {
        "type": "Point",
        "coordinates": [
          96.619046,
          41.717812,
          1735.2
        ]
      },
      "properties": {
        "id": "YJMDTBMY10121N6053",
        "name": "天宝公司-辅运联络巷带式输送机机头",
        "sensor_type": "工业视频",
        "matched_tunnel": "辅运联络巷",
        "confidence": "中",
        "score": 0,
        "category": "device"
      }
    },
    {
      "type": "Feature",
      "geometry": {
        "type": "Point",
        "coordinates": [
          96.610804,
          41.713001,
          1653.9
        ]
      },
      "properties": {
        "id": "YJMDTBMY1012071",
        "name": "中央胶带大巷工作面CH4 (T2)_激光甲烷",
        "sensor_type": "瓦斯",
        "matched_tunnel": "中央胶带大巷",
        "confidence": "中",
        "score": 0,
        "category": "device"
      }
    },
    {
      "type": "Feature",
      "geometry": {
        "type": "Point",
        "coordinates": [
          96.610794,
          41.712995,
          1655.3
        ]
      },
      "properties": {
        "id": "YJMDTBMY10121N6069",
        "name": "天宝公司-中央胶带大巷掘进工作面T2处",
        "sensor_type": "工业视频",
        "matched_tunnel": "中央胶带大巷",
        "confidence": "中",
        "score": 0,
        "category": "device"
      }
    },
    {
      "type": "Feature",
      "geometry": {
        "type": "Point",
        "coordinates": [
          96.610804,
          41.713001,
          1653.8
        ]
      },
      "properties": {
        "id": "YJMDTBMY1012072",
        "name": "中央胶带大巷工作面回风流 CO_一氧化碳",
        "sensor_type": "一氧化碳",
        "matched_tunnel": "中央胶带大巷",
        "confidence": "中",
        "score": 0,
        "category": "device"
      }
    },
    {
      "type": "Feature",
      "geometry": {
        "type": "Point",
        "coordinates": [
          96.610794,
          41.712995,
          1653.7
        ]
      },
      "properties": {
        "id": "YJMDTBMY1012074",
        "name": "中央胶带大巷工作面 回风流温度_环境温度",
        "sensor_type": "温度",
        "matched_tunnel": "中央胶带大巷",
        "confidence": "中",
        "score": 0,
        "category": "device"
      }
    },
    {
      "type": "Feature",
      "geometry": {
        "type": "Point",
        "coordinates": [
          96.610784,
          41.71299,
          1653.4
        ]
      },
      "properties": {
        "id": "YJMDTBMY1012075",
        "name": "中央胶带大巷工作面 回风流湿度",
        "sensor_type": "湿度",
        "matched_tunnel": "中央胶带大巷",
        "confidence": "中",
        "score": 0,
        "category": "device"
      }
    },
    {
      "type": "Feature",
      "geometry": {
        "type": "Point",
        "coordinates": [
          96.625901,
          41.714819,
          1913.9
        ]
      },
      "properties": {
        "id": "YJMDTBMY101209",
        "name": "副井绞车开停状态副井绞车开停状态_设备开停",
        "sensor_type": "开停",
        "matched_tunnel": "副斜井",
        "confidence": "中",
        "score": 0,
        "category": "device"
      }
    },
    {
      "type": "Feature",
      "geometry": {
        "type": "Point",
        "coordinates": [
          96.62589,
          41.714822,
          1915.5
        ]
      },
      "properties": {
        "id": "YJMDTBMY10121N5104",
        "name": "天宝公司-副斜井上部乘车点",
        "sensor_type": "工业视频",
        "matched_tunnel": "副斜井",
        "confidence": "中",
        "score": 0,
        "category": "device"
      }
    },
    {
      "type": "Feature",
      "geometry": {
        "type": "Point",
        "coordinates": [
          96.625879,
          41.714825,
          1915.2
        ]
      },
      "properties": {
        "id": "YJMDTBMY10121N5170",
        "name": "天宝公司-副井绞车提升机",
        "sensor_type": "工业视频",
        "matched_tunnel": "副斜井",
        "confidence": "中",
        "score": 0,
        "category": "device"
      }
    },
    {
      "type": "Feature",
      "geometry": {
        "type": "Point",
        "coordinates": [
          96.625868,
          41.714828,
          1915.0
        ]
      },
      "properties": {
        "id": "YJMDTBMY10121N5105",
        "name": "天宝公司-副斜井防跑车(1)",
        "sensor_type": "工业视频",
        "matched_tunnel": "副斜井",
        "confidence": "中",
        "score": 0,
        "category": "device"
      }
    },
    {
      "type": "Feature",
      "geometry": {
        "type": "Point",
        "coordinates": [
          96.625858,
          41.714831,
          1914.7
        ]
      },
      "properties": {
        "id": "YJMDTBMY10121N5103",
        "name": "天宝公司-副斜井防跑车(4)",
        "sensor_type": "工业视频",
        "matched_tunnel": "副斜井",
        "confidence": "中",
        "score": 0,
        "category": "device"
      }
    },
    {
      "type": "Feature",
      "geometry": {
        "type": "Point",
        "coordinates": [
          96.625847,
          41.714834,
          1914.5
        ]
      },
      "properties": {
        "id": "YJMDTBMY10121N5187",
        "name": "天宝公司-副斜井下部乘车点",
        "sensor_type": "工业视频",
        "matched_tunnel": "副斜井",
        "confidence": "中",
        "score": 0,
        "category": "device"
      }
    },
    {
      "type": "Feature",
      "geometry": {
        "type": "Point",
        "coordinates": [
          96.625836,
          41.714837,
          1914.2
        ]
      },
      "properties": {
        "id": "YJMDTBMY10121N5186",
        "name": "天宝公司-副斜井防跑车(5)",
        "sensor_type": "工业视频",
        "matched_tunnel": "副斜井",
        "confidence": "中",
        "score": 0,
        "category": "device"
      }
    },
    {
      "type": "Feature",
      "geometry": {
        "type": "Point",
        "coordinates": [
          96.620187,
          41.716408,
          1778.7
        ]
      },
      "properties": {
        "id": "YJMDTBMY10140028007",
        "name": "副斜井600米28-7_人数",
        "sensor_type": "人数",
        "matched_tunnel": "副斜井",
        "confidence": "中",
        "score": 0,
        "category": "device"
      }
    },
    {
      "type": "Feature",
      "geometry": {
        "type": "Point",
        "coordinates": [
          96.625825,
          41.71484,
          1914.0
        ]
      },
      "properties": {
        "id": "YJMDTBMY10121N6080",
        "name": "天宝公司-副斜井防跑车(3)",
        "sensor_type": "工业视频",
        "matched_tunnel": "副斜井",
        "confidence": "中",
        "score": 0,
        "category": "device"
      }
    },
    {
      "type": "Feature",
      "geometry": {
        "type": "Point",
        "coordinates": [
          96.623443,
          41.715503,
          1859.4
        ]
      },
      "properties": {
        "id": "YJMDTBMY10140020007",
        "name": "副井300米20-7_人数",
        "sensor_type": "人数",
        "matched_tunnel": "副斜井",
        "confidence": "中",
        "score": 0,
        "category": "device"
      }
    },
    {
      "type": "Feature",
      "geometry": {
        "type": "Point",
        "coordinates": [
          96.625814,
          41.714843,
          1913.7
        ]
      },
      "properties": {
        "id": "YJMDTBMY10121N6104",
        "name": "天宝公司-副井放料点",
        "sensor_type": "工业视频",
        "matched_tunnel": "副斜井",
        "confidence": "中",
        "score": 0,
        "category": "device"
      }
    },
    {
      "type": "Feature",
      "geometry": {
        "type": "Point",
        "coordinates": [
          96.625803,
          41.714846,
          1913.5
        ]
      },
      "properties": {
        "id": "YJMDTBMY10121N6074",
        "name": "天宝公司-副井放料点",
        "sensor_type": "工业视频",
        "matched_tunnel": "副斜井",
        "confidence": "中",
        "score": 0,
        "category": "device"
      }
    },
    {
      "type": "Feature",
      "geometry": {
        "type": "Point",
        "coordinates": [
          96.625792,
          41.71485,
          1913.3
        ]
      },
      "properties": {
        "id": "YJMDTBMY10121N6079",
        "name": "天宝公司-副斜井防跑车(2)",
        "sensor_type": "工业视频",
        "matched_tunnel": "副斜井",
        "confidence": "中",
        "score": 0,
        "category": "device"
      }
    },
    {
      "type": "Feature",
      "geometry": {
        "type": "Point",
        "coordinates": [
          96.618372,
          41.716365,
          1738.7
        ]
      },
      "properties": {
        "id": "YJMDTBMY1012094",
        "name": "中央回风大巷掘进工作面CH4 (T1)_激光甲烷",
        "sensor_type": "瓦斯",
        "matched_tunnel": "中央回风大巷",
        "confidence": "中",
        "score": 0,
        "category": "device"
      }
    },
    {
      "type": "Feature",
      "geometry": {
        "type": "Point",
        "coordinates": [
          96.618363,
          41.71636,
          1740.1
        ]
      },
      "properties": {
        "id": "YJMDTBMY10121N5125",
        "name": "天宝公司-中央回风大巷掘进工作面T1朝向迎头",
        "sensor_type": "工业视频",
        "matched_tunnel": "中央回风大巷",
        "confidence": "中",
        "score": 0,
        "category": "device"
      }
    },
    {
      "type": "Feature",
      "geometry": {
        "type": "Point",
        "coordinates": [
          96.618353,
          41.716354,
          1739.9
        ]
      },
      "properties": {
        "id": "YJMDTBMY10121N5126",
        "name": "天宝公司-中央回风大巷掘进工作面T1朝向外口",
        "sensor_type": "工业视频",
        "matched_tunnel": "中央回风大巷",
        "confidence": "中",
        "score": 0,
        "category": "device"
      }
    },
    {
      "type": "Feature",
      "geometry": {
        "type": "Point",
        "coordinates": [
          96.615733,
          41.716094,
          1721.3
        ]
      },
      "properties": {
        "id": "YJMDTBMY1012096",
        "name": "单轨吊充电检修硐室回风流CH4_激光甲烷",
        "sensor_type": "瓦斯",
        "matched_tunnel": "单轨吊充电检修硐室",
        "confidence": "中",
        "score": 0,
        "category": "device"
      }
    },
    {
      "type": "Feature",
      "geometry": {
        "type": "Point",
        "coordinates": [
          96.625522,
          41.71602,
          1852.7
        ]
      },
      "properties": {
        "id": "YJMDTBMY10121N5169",
        "name": "天宝公司-主井绞车房提升机",
        "sensor_type": "工业视频",
        "matched_tunnel": "主斜井",
        "confidence": "中",
        "score": 0,
        "category": "device"
      }
    },
    {
      "type": "Feature",
      "geometry": {
        "type": "Point",
        "coordinates": [
          96.625511,
          41.716023,
          1852.4
        ]
      },
      "properties": {
        "id": "YJMDTBMY10121N5064",
        "name": "天宝公司-主井绞车房",
        "sensor_type": "工业视频",
        "matched_tunnel": "主斜井",
        "confidence": "中",
        "score": 0,
        "category": "device"
      }
    },
    {
      "type": "Feature",
      "geometry": {
        "type": "Point",
        "coordinates": [
          96.626836,
          41.717504,
          1933.1
        ]
      },
      "properties": {
        "id": "YJMDTBMY10121N5973",
        "name": "天宝井工矿-回风斜井井口",
        "sensor_type": "工业视频",
        "matched_tunnel": "回风斜井",
        "confidence": "中",
        "score": 0,
        "category": "device"
      }
    },
    {
      "type": "Feature",
      "geometry": {
        "type": "Point",
        "coordinates": [
          96.626825,
          41.717504,
          1930.9
        ]
      },
      "properties": {
        "id": "YJMDTBMY10140013007",
        "name": "回风井井口_人数",
        "sensor_type": "人数",
        "matched_tunnel": "回风斜井",
        "confidence": "中",
        "score": 0,
        "category": "device"
      }
    },
    {
      "type": "Feature",
      "geometry": {
        "type": "Point",
        "coordinates": [
          96.614719,
          41.715076,
          1707.9
        ]
      },
      "properties": {
        "id": "YJMDTBMY10121N5135",
        "name": "天宝公司-回风单轨吊换装点",
        "sensor_type": "工业视频",
        "matched_tunnel": "单轨吊充电硐室",
        "confidence": "中",
        "score": 0,
        "category": "device"
      }
    },
    {
      "type": "Feature",
      "geometry": {
        "type": "Point",
        "coordinates": [
          96.609747,
          41.713105,
          1631.8
        ]
      },
      "properties": {
        "id": "YJMDTBMY10121N4514",
        "name": "天宝煤业-水源井泵房",
        "sensor_type": "工业视频",
        "matched_tunnel": "主排水泵房",
        "confidence": "低",
        "score": 0,
        "category": "device"
      }
    },
    {
      "type": "Feature",
      "geometry": {
        "type": "Point",
        "coordinates": [
          96.60974,
          41.713113,
          1631.8
        ]
      },
      "properties": {
        "id": "YJMDTBMY10121N4513",
        "name": "天宝煤业-旧生活区增压泵房",
        "sensor_type": "工业视频",
        "matched_tunnel": "主排水泵房",
        "confidence": "低",
        "score": 0,
        "category": "device"
      }
    },
    {
      "type": "Feature",
      "geometry": {
        "type": "Point",
        "coordinates": [
          96.626719,
          41.714587,
          1934.1
        ]
      },
      "properties": {
        "id": "YJMDTBMY10121N5116",
        "name": "天宝公司-副斜井一部皮带带式输送机机头",
        "sensor_type": "工业视频",
        "matched_tunnel": "副斜井",
        "confidence": "中",
        "score": 0,
        "category": "device"
      }
    },
    {
      "type": "Feature",
      "geometry": {
        "type": "Point",
        "coordinates": [
          96.627873,
          41.715365,
          1913.0
        ]
      },
      "properties": {
        "id": "YJMDTBMY10121N5992",
        "name": "天宝公司-主斜井维修点下部",
        "sensor_type": "工业视频",
        "matched_tunnel": "主斜井",
        "confidence": "中",
        "score": 0,
        "category": "device"
      }
    },
    {
      "type": "Feature",
      "geometry": {
        "type": "Point",
        "coordinates": [
          96.627862,
          41.715368,
          1912.7
        ]
      },
      "properties": {
        "id": "YJMDTBMY10121N6084",
        "name": "天宝公司-主斜井防跑车(下)",
        "sensor_type": "工业视频",
        "matched_tunnel": "主斜井",
        "confidence": "中",
        "score": 0,
        "category": "device"
      }
    },
    {
      "type": "Feature",
      "geometry": {
        "type": "Point",
        "coordinates": [
          96.627851,
          41.715371,
          1912.4
        ]
      },
      "properties": {
        "id": "YJMDTBMY10121N6082",
        "name": "天宝公司-主斜井防跑车(上)",
        "sensor_type": "工业视频",
        "matched_tunnel": "主斜井",
        "confidence": "中",
        "score": 0,
        "category": "device"
      }
    },
    {
      "type": "Feature",
      "geometry": {
        "type": "Point",
        "coordinates": [
          96.624326,
          41.716353,
          1820.9
        ]
      },
      "properties": {
        "id": "YJMDTBMY10140018007",
        "name": "主井400米18-7_人数",
        "sensor_type": "人数",
        "matched_tunnel": "主斜井",
        "confidence": "中",
        "score": 0,
        "category": "device"
      }
    },
    {
      "type": "Feature",
      "geometry": {
        "type": "Point",
        "coordinates": [
          96.627841,
          41.715375,
          1912.2
        ]
      },
      "properties": {
        "id": "YJMDTBMY10121N6083",
        "name": "天宝公司-主斜井防跑车(中)",
        "sensor_type": "工业视频",
        "matched_tunnel": "主斜井",
        "confidence": "中",
        "score": 0,
        "category": "device"
      }
    },
    {
      "type": "Feature",
      "geometry": {
        "type": "Point",
        "coordinates": [
          96.62783,
          41.715378,
          1911.9
        ]
      },
      "properties": {
        "id": "YJMDTBMY10121N6110",
        "name": "天宝公司-主斜井管路安装处",
        "sensor_type": "工业视频",
        "matched_tunnel": "主斜井",
        "confidence": "中",
        "score": 0,
        "category": "device"
      }
    },
    {
      "type": "Feature",
      "geometry": {
        "type": "Point",
        "coordinates": [
          96.615741,
          41.716016,
          1723.5
        ]
      },
      "properties": {
        "id": "YJMDTBMY10121N5128",
        "name": "天宝公司-单轨吊充电检修硐室回风流T2处",
        "sensor_type": "工业视频",
        "matched_tunnel": "单轨吊充电检修硐室",
        "confidence": "中",
        "score": 0,
        "category": "device"
      }
    },
    {
      "type": "Feature",
      "geometry": {
        "type": "Point",
        "coordinates": [
          96.622621,
          41.715729,
          1842.6
        ]
      },
      "properties": {
        "id": "YJMDTBMY10121N5112",
        "name": "天宝公司-副井绞车房",
        "sensor_type": "工业视频",
        "matched_tunnel": "副斜井",
        "confidence": "中",
        "score": 0,
        "category": "device"
      }
    },
    {
      "type": "Feature",
      "geometry": {
        "type": "Point",
        "coordinates": [
          96.618376,
          41.717466,
          1735.8
        ]
      },
      "properties": {
        "id": "YJMDTBMY10140025007",
        "name": "辅运联络巷25-7_人数",
        "sensor_type": "人数",
        "matched_tunnel": "辅运联络巷",
        "confidence": "中",
        "score": 0,
        "category": "device"
      }
    },
    {
      "type": "Feature",
      "geometry": {
        "type": "Point",
        "coordinates": [
          96.621197,
          41.717227,
          1745.1
        ]
      },
      "properties": {
        "id": "YJMDTBMY10140019007",
        "name": "主井底湾19-7_人数",
        "sensor_type": "人数",
        "matched_tunnel": "主斜井",
        "confidence": "中",
        "score": 0,
        "category": "device"
      }
    },
    {
      "type": "Feature",
      "geometry": {
        "type": "Point",
        "coordinates": [
          96.615788,
          41.715576,
          1725.5
        ]
      },
      "properties": {
        "id": "YJMDTBMY10140029007",
        "name": "单轨吊充电检修硐室29-7_人数",
        "sensor_type": "人数",
        "matched_tunnel": "单轨吊充电检修硐室",
        "confidence": "中",
        "score": 0,
        "category": "device"
      }
    },
    {
      "type": "Feature",
      "geometry": {
        "type": "Point",
        "coordinates": [
          96.619608,
          41.717275,
          1731.5
        ]
      },
      "properties": {
        "id": "YJMDTBMY10140024007",
        "name": "架空乘人装置硐室24-7_人数",
        "sensor_type": "人数",
        "matched_tunnel": "架空乘人器硐室",
        "confidence": "中",
        "score": 0,
        "category": "device"
      }
    },
    {
      "type": "Feature",
      "geometry": {
        "type": "Point",
        "coordinates": [
          96.620004,
          41.716943,
          1736.7
        ]
      },
      "properties": {
        "content": "架空乘人器硐室",
        "nearest_tunnel": "架空乘人器硐室",
        "distance": 49.1,
        "category": "cad_matched"
      }
    },
    {
      "type": "Feature",
      "geometry": {
        "type": "Point",
        "coordinates": [
          96.62882,
          41.71568,
          1934.0
        ]
      },
      "properties": {
        "content": "断电控制器",
        "nearest_tunnel": "主斜井",
        "distance": 60.2,
        "category": "cad_matched"
      }
    },
    {
      "type": "Feature",
      "geometry": {
        "type": "Point",
        "coordinates": [
          96.601464,
          41.726229,
          1694.9
        ]
      },
      "properties": {
        "content": "无煤区Ⅵ",
        "nearest_tunnel": "1105回风顺槽",
        "distance": 31.0,
        "category": "cad_matched"
      }
    },
    {
      "type": "Feature",
      "geometry": {
        "type": "Point",
        "coordinates": [
          96.61927,
          41.71808,
          1738.3
        ]
      },
      "properties": {
        "content": "CO、烟雾。",
        "nearest_tunnel": "主斜井机尾联络巷",
        "distance": 32.8,
        "category": "cad_matched"
      }
    },
    {
      "type": "Feature",
      "geometry": {
        "type": "Point",
        "coordinates": [
          96.617762,
          41.716859,
          1726.7
        ]
      },
      "properties": {
        "content": "风筒开停报警值：无风。",
        "nearest_tunnel": "中央胶带大巷",
        "distance": 24.2,
        "category": "cad_matched"
      }
    },
    {
      "type": "Feature",
      "geometry": {
        "type": "Point",
        "coordinates": [
          96.623187,
          41.718117,
          1819.8
        ]
      },
      "properties": {
        "content": "1750",
        "nearest_tunnel": "回风斜井",
        "distance": 65.9,
        "category": "cad_matched"
      }
    },
    {
      "type": "Feature",
      "geometry": {
        "type": "Point",
        "coordinates": [
          96.61398,
          41.714056,
          1690.6
        ]
      },
      "properties": {
        "content": "掘进迎头位置",
        "nearest_tunnel": "中央回风大巷",
        "distance": 3.5,
        "category": "cad_matched"
      }
    },
    {
      "type": "Feature",
      "geometry": {
        "type": "Point",
        "coordinates": [
          96.617731,
          41.716542,
          1726.6
        ]
      },
      "properties": {
        "content": "2024.12.8掘进迎头位置",
        "nearest_tunnel": "中央胶带大巷",
        "distance": 3.3,
        "category": "cad_matched"
      }
    },
    {
      "type": "Feature",
      "geometry": {
        "type": "Point",
        "coordinates": [
          96.628478,
          41.715509,
          1928.2
        ]
      },
      "properties": {
        "content": "断电控制器",
        "nearest_tunnel": "主斜井",
        "distance": 32.5,
        "category": "cad_matched"
      }
    },
    {
      "type": "Feature",
      "geometry": {
        "type": "Point",
        "coordinates": [
          96.628703,
          41.71461,
          1936.3
        ]
      },
      "properties": {
        "content": "环网交换机",
        "nearest_tunnel": "主斜井",
        "distance": 59.8,
        "category": "cad_matched"
      }
    },
    {
      "type": "Feature",
      "geometry": {
        "type": "Point",
        "coordinates": [
          96.607029,
          41.719291,
          1675.0
        ]
      },
      "properties": {
        "content": "15.91",
        "nearest_tunnel": "1105进风巷",
        "distance": 16.5,
        "category": "cad_matched"
      }
    },
    {
      "type": "Feature",
      "geometry": {
        "type": "Point",
        "coordinates": [
          96.620051,
          41.717949,
          1738.0
        ]
      },
      "properties": {
        "content": "安装地点：架空乘人装置皮带机头",
        "nearest_tunnel": "胶带石门",
        "distance": 41.9,
        "category": "cad_matched"
      }
    },
    {
      "type": "Feature",
      "geometry": {
        "type": "Point",
        "coordinates": [
          96.628818,
          41.714728,
          1936.3
        ]
      },
      "properties": {
        "content": "主斜井",
        "nearest_tunnel": "主斜井",
        "distance": 48.4,
        "category": "cad_matched"
      }
    },
    {
      "type": "Feature",
      "geometry": {
        "type": "Point",
        "coordinates": [
          96.611107,
          41.711885,
          1652.6
        ]
      },
      "properties": {
        "content": "1680",
        "nearest_tunnel": "中央回风大巷",
        "distance": 66.4,
        "category": "cad_matched"
      }
    },
    {
      "type": "Feature",
      "geometry": {
        "type": "Point",
        "coordinates": [
          96.61927,
          41.718038,
          1738.3
        ]
      },
      "properties": {
        "content": "23ppm。",
        "nearest_tunnel": "主斜井机尾联络巷",
        "distance": 28.4,
        "category": "cad_matched"
      }
    },
    {
      "type": "Feature",
      "geometry": {
        "type": "Point",
        "coordinates": [
          96.627248,
          41.714179,
          1937.3
        ]
      },
      "properties": {
        "content": "Z=1932.3",
        "nearest_tunnel": "副斜井",
        "distance": 63.2,
        "category": "cad_matched"
      }
    },
    {
      "type": "Feature",
      "geometry": {
        "type": "Point",
        "coordinates": [
          96.61027,
          41.713647,
          1639.0
        ]
      },
      "properties": {
        "content": "+1630",
        "nearest_tunnel": "主排水泵房变电所",
        "distance": 11.3,
        "category": "cad_matched"
      }
    },
    {
      "type": "Feature",
      "geometry": {
        "type": "Point",
        "coordinates": [
          96.620002,
          41.716692,
          1776.4
        ]
      },
      "properties": {
        "content": "架空乘人装置等候室",
        "nearest_tunnel": "副斜井",
        "distance": 24.3,
        "category": "cad_matched"
      }
    },
    {
      "type": "Feature",
      "geometry": {
        "type": "Point",
        "coordinates": [
          96.627248,
          41.714238,
          1937.3
        ]
      },
      "properties": {
        "content": "Y=32552155.5",
        "nearest_tunnel": "副斜井",
        "distance": 58.7,
        "category": "cad_matched"
      }
    },
    {
      "type": "Feature",
      "geometry": {
        "type": "Point",
        "coordinates": [
          96.617715,
          41.715875,
          1739.8
        ]
      },
      "properties": {
        "content": "单轨吊检修硐室",
        "nearest_tunnel": "中央回风大巷",
        "distance": 13.7,
        "category": "cad_matched"
      }
    },
    {
      "type": "Feature",
      "geometry": {
        "type": "Point",
        "coordinates": [
          96.618855,
          41.716868,
          1749.7
        ]
      },
      "properties": {
        "content": "值＜1.0%.",
        "nearest_tunnel": "副斜井",
        "distance": 9.3,
        "category": "cad_matched"
      }
    },
    {
      "type": "Feature",
      "geometry": {
        "type": "Point",
        "coordinates": [
          96.628604,
          41.714631,
          1936.3
        ]
      },
      "properties": {
        "content": "Y=32552316.5",
        "nearest_tunnel": "主斜井",
        "distance": 57.6,
        "category": "cad_matched"
      }
    },
    {
      "type": "Feature",
      "geometry": {
        "type": "Point",
        "coordinates": [
          96.62005,
          41.717862,
          1738.1
        ]
      },
      "properties": {
        "content": "烟雾报警值：有烟",
        "nearest_tunnel": "胶带石门",
        "distance": 32.9,
        "category": "cad_matched"
      }
    },
    {
      "type": "Feature",
      "geometry": {
        "type": "Point",
        "coordinates": [
          96.624674,
          41.716425,
          1832.5
        ]
      },
      "properties": {
        "content": "16°",
        "nearest_tunnel": "主斜井",
        "distance": 17.6,
        "category": "cad_matched"
      }
    },
    {
      "type": "Feature",
      "geometry": {
        "type": "Point",
        "coordinates": [
          96.624168,
          41.717696,
          1849.9
        ]
      },
      "properties": {
        "content": "1770",
        "nearest_tunnel": "回风斜井",
        "distance": 19.7,
        "category": "cad_matched"
      }
    },
    {
      "type": "Feature",
      "geometry": {
        "type": "Point",
        "coordinates": [
          96.620814,
          41.717753,
          1750.6
        ]
      },
      "properties": {
        "content": "烟雾报警值：有烟",
        "nearest_tunnel": "回风斜井",
        "distance": 24.1,
        "category": "cad_matched"
      }
    },
    {
      "type": "Feature",
      "geometry": {
        "type": "Point",
        "coordinates": [
          96.626687,
          41.717447,
          1931.5
        ]
      },
      "properties": {
        "content": "回风斜井分站",
        "nearest_tunnel": "回风斜井",
        "distance": 6.4,
        "category": "cad_matched"
      }
    },
    {
      "type": "Feature",
      "geometry": {
        "type": "Point",
        "coordinates": [
          96.627257,
          41.716376,
          1891.0
        ]
      },
      "properties": {
        "content": "1860",
        "nearest_tunnel": "主斜井",
        "distance": 87.4,
        "category": "cad_matched"
      }
    },
    {
      "type": "Feature",
      "geometry": {
        "type": "Point",
        "coordinates": [
          96.614369,
          41.714224,
          1700.5
        ]
      },
      "properties": {
        "content": "CH4（T1)",
        "nearest_tunnel": "中央回风大巷",
        "distance": 6.5,
        "category": "cad_matched"
      }
    },
    {
      "type": "Feature",
      "geometry": {
        "type": "Point",
        "coordinates": [
          96.619514,
          41.71862,
          1738.3
        ]
      },
      "properties": {
        "content": "搭接硐室",
        "nearest_tunnel": "主斜井机尾联络巷",
        "distance": 96.1,
        "category": "cad_matched"
      }
    },
    {
      "type": "Feature",
      "geometry": {
        "type": "Point",
        "coordinates": [
          96.610614,
          41.712982,
          1654.8
        ]
      },
      "properties": {
        "content": "+1652.480",
        "nearest_tunnel": "管子道",
        "distance": 1.7,
        "category": "cad_matched"
      }
    },
    {
      "type": "Feature",
      "geometry": {
        "type": "Point",
        "coordinates": [
          96.6291,
          41.715655,
          1936.3
        ]
      },
      "properties": {
        "content": "副风机开停",
        "nearest_tunnel": "主斜井",
        "distance": 67.4,
        "category": "cad_matched"
      }
    },
    {
      "type": "Feature",
      "geometry": {
        "type": "Point",
        "coordinates": [
          96.594868,
          41.728447,
          1685.0
        ]
      },
      "properties": {
        "content": "1730",
        "nearest_tunnel": "1105胶带顺槽",
        "distance": 94.9,
        "category": "cad_matched"
      }
    },
    {
      "type": "Feature",
      "geometry": {
        "type": "Point",
        "coordinates": [
          96.619985,
          41.717381,
          1737.6
        ]
      },
      "properties": {
        "content": "CH4（T2)",
        "nearest_tunnel": "架空乘人器硐室",
        "distance": 8.2,
        "category": "cad_matched"
      }
    },
    {
      "type": "Feature",
      "geometry": {
        "type": "Point",
        "coordinates": [
          96.619738,
          41.717944,
          1738.1
        ]
      },
      "properties": {
        "content": "X=4620464.913",
        "nearest_tunnel": "主斜井机尾联络巷",
        "distance": 32.2,
        "category": "cad_matched"
      }
    },
    {
      "type": "Feature",
      "geometry": {
        "type": "Point",
        "coordinates": [
          96.596412,
          41.728416,
          1684.9
        ]
      },
      "properties": {
        "content": "4.77",
        "nearest_tunnel": "1105胶带顺槽",
        "distance": 1.3,
        "category": "cad_matched"
      }
    },
    {
      "type": "Feature",
      "geometry": {
        "type": "Point",
        "coordinates": [
          96.613167,
          41.715298,
          1680.4
        ]
      },
      "properties": {
        "content": "+1670",
        "nearest_tunnel": "中央辅运大巷",
        "distance": 48.5,
        "category": "cad_matched"
      }
    },
    {
      "type": "Feature",
      "geometry": {
        "type": "Point",
        "coordinates": [
          96.61627,
          41.716335,
          1732.6
        ]
      },
      "properties": {
        "content": "掘进迎头位置",
        "nearest_tunnel": "中央辅运大巷",
        "distance": 3.3,
        "category": "cad_matched"
      }
    },
    {
      "type": "Feature",
      "geometry": {
        "type": "Point",
        "coordinates": [
          96.611773,
          41.714128,
          1663.3
        ]
      },
      "properties": {
        "content": "+1651.008",
        "nearest_tunnel": "中央辅运大巷",
        "distance": 7.4,
        "category": "cad_matched"
      }
    },
    {
      "type": "Feature",
      "geometry": {
        "type": "Point",
        "coordinates": [
          96.615152,
          41.715874,
          1716.7
        ]
      },
      "properties": {
        "content": "+1711.025",
        "nearest_tunnel": "中央辅运大巷",
        "distance": 7.4,
        "category": "cad_matched"
      }
    },
    {
      "type": "Feature",
      "geometry": {
        "type": "Point",
        "coordinates": [
          96.614405,
          41.715815,
          1713.3
        ]
      },
      "properties": {
        "content": "五号交岔点",
        "nearest_tunnel": "中央辅运大巷",
        "distance": 37.3,
        "category": "cad_matched"
      }
    },
    {
      "type": "Feature",
      "geometry": {
        "type": "Point",
        "coordinates": [
          96.619395,
          41.718185,
          1738.2
        ]
      },
      "properties": {
        "content": "煤泥沉淀水仓",
        "nearest_tunnel": "主斜井机尾联络巷",
        "distance": 47.3,
        "category": "cad_matched"
      }
    },
    {
      "type": "Feature",
      "geometry": {
        "type": "Point",
        "coordinates": [
          96.628421,
          41.71502,
          1932.4
        ]
      },
      "properties": {
        "content": "主斜井分站",
        "nearest_tunnel": "主斜井",
        "distance": 20.1,
        "category": "cad_matched"
      }
    },
    {
      "type": "Feature",
      "geometry": {
        "type": "Point",
        "coordinates": [
          96.619016,
          41.718304,
          1738.3
        ]
      },
      "properties": {
        "content": "Y=32551516.103",
        "nearest_tunnel": "主斜井机尾联络巷",
        "distance": 53.7,
        "category": "cad_matched"
      }
    },
    {
      "type": "Feature",
      "geometry": {
        "type": "Point",
        "coordinates": [
          96.626279,
          41.717358,
          1918.3
        ]
      },
      "properties": {
        "content": "CH4(T2)。",
        "nearest_tunnel": "回风斜井",
        "distance": 16.5,
        "category": "cad_matched"
      }
    },
    {
      "type": "Feature",
      "geometry": {
        "type": "Point",
        "coordinates": [
          96.622828,
          41.715538,
          1852.2
        ]
      },
      "properties": {
        "content": "15°",
        "nearest_tunnel": "副斜井",
        "distance": 14.0,
        "category": "cad_matched"
      }
    },
    {
      "type": "Feature",
      "geometry": {
        "type": "Point",
        "coordinates": [
          96.617619,
          41.717907,
          1741.7
        ]
      },
      "properties": {
        "content": "轨道石门",
        "nearest_tunnel": "辅运联络巷",
        "distance": 76.1,
        "category": "cad_matched"
      }
    },
    {
      "type": "Feature",
      "geometry": {
        "type": "Point",
        "coordinates": [
          96.611048,
          41.71266,
          1656.3
        ]
      },
      "properties": {
        "content": "+1671",
        "nearest_tunnel": "中央回风大巷",
        "distance": 7.3,
        "category": "cad_matched"
      }
    },
    {
      "type": "Feature",
      "geometry": {
        "type": "Point",
        "coordinates": [
          96.620051,
          41.717905,
          1738.1
        ]
      },
      "properties": {
        "content": "CO上报值：24ppm，上解值：",
        "nearest_tunnel": "胶带石门",
        "distance": 37.3,
        "category": "cad_matched"
      }
    },
    {
      "type": "Feature",
      "geometry": {
        "type": "Point",
        "coordinates": [
          96.626432,
          41.714489,
          1932.6
        ]
      },
      "properties": {
        "content": "副斜井分站",
        "nearest_tunnel": "副斜井",
        "distance": 18.6,
        "category": "cad_matched"
      }
    },
    {
      "type": "Feature",
      "geometry": {
        "type": "Point",
        "coordinates": [
          96.620051,
          41.717885,
          1738.1
        ]
      },
      "properties": {
        "content": "23ppm。",
        "nearest_tunnel": "胶带石门",
        "distance": 35.2,
        "category": "cad_matched"
      }
    },
    {
      "type": "Feature",
      "geometry": {
        "type": "Point",
        "coordinates": [
          96.625946,
          41.714518,
          1922.8
        ]
      },
      "properties": {
        "content": "23ppm。",
        "nearest_tunnel": "副斜井",
        "distance": 29.9,
        "category": "cad_matched"
      }
    },
    {
      "type": "Feature",
      "geometry": {
        "type": "Point",
        "coordinates": [
          96.626548,
          41.714828,
          1931.5
        ]
      },
      "properties": {
        "content": "CH4（T2)",
        "nearest_tunnel": "副斜井",
        "distance": 19.9,
        "category": "cad_matched"
      }
    },
    {
      "type": "Feature",
      "geometry": {
        "type": "Point",
        "coordinates": [
          96.618001,
          41.717548,
          1741.6
        ]
      },
      "properties": {
        "content": "+1710",
        "nearest_tunnel": "辅运联络巷",
        "distance": 25.2,
        "category": "cad_matched"
      }
    },
    {
      "type": "Feature",
      "geometry": {
        "type": "Point",
        "coordinates": [
          96.617535,
          41.717288,
          1743.3
        ]
      },
      "properties": {
        "content": "报警值≥1.0%,断电值≥1.5%,复电",
        "nearest_tunnel": "辅运联络巷",
        "distance": 23.5,
        "category": "cad_matched"
      }
    },
    {
      "type": "Feature",
      "geometry": {
        "type": "Point",
        "coordinates": [
          96.596054,
          41.728452,
          1684.9
        ]
      },
      "properties": {
        "content": "1005",
        "nearest_tunnel": "1105胶带顺槽",
        "distance": 20.9,
        "category": "cad_matched"
      }
    },
    {
      "type": "Feature",
      "geometry": {
        "type": "Point",
        "coordinates": [
          96.626857,
          41.714934,
          1936.6
        ]
      },
      "properties": {
        "content": "副风机开停",
        "nearest_tunnel": "副斜井",
        "distance": 40.1,
        "category": "cad_matched"
      }
    },
    {
      "type": "Feature",
      "geometry": {
        "type": "Point",
        "coordinates": [
          96.618525,
          41.715979,
          1741.5
        ]
      },
      "properties": {
        "content": "Z=+1738.481",
        "nearest_tunnel": "中央回风大巷",
        "distance": 42.5,
        "category": "cad_matched"
      }
    },
    {
      "type": "Feature",
      "geometry": {
        "type": "Point",
        "coordinates": [
          96.628236,
          41.715538,
          1922.5
        ]
      },
      "properties": {
        "content": "双风机双电源开关",
        "nearest_tunnel": "主斜井",
        "distance": 28.5,
        "category": "cad_matched"
      }
    },
    {
      "type": "Feature",
      "geometry": {
        "type": "Point",
        "coordinates": [
          96.617437,
          41.717033,
          1743.2
        ]
      },
      "properties": {
        "content": "+1738.213",
        "nearest_tunnel": "中央辅运大巷",
        "distance": 5.0,
        "category": "cad_matched"
      }
    },
    {
      "type": "Feature",
      "geometry": {
        "type": "Point",
        "coordinates": [
          96.601441,
          41.726917,
          1695.0
        ]
      },
      "properties": {
        "content": "1740",
        "nearest_tunnel": "1105回风顺槽",
        "distance": 80.5,
        "category": "cad_matched"
      }
    },
    {
      "type": "Feature",
      "geometry": {
        "type": "Point",
        "coordinates": [
          96.619076,
          41.717128,
          1731.9
        ]
      },
      "properties": {
        "content": "K=4800",
        "nearest_tunnel": "中央胶带大巷",
        "distance": 13.3,
        "category": "cad_matched"
      }
    },
    {
      "type": "Feature",
      "geometry": {
        "type": "Point",
        "coordinates": [
          96.618983,
          41.718344,
          1738.3
        ]
      },
      "properties": {
        "content": "X=4620485.034",
        "nearest_tunnel": "主斜井机尾联络巷",
        "distance": 58.4,
        "category": "cad_matched"
      }
    },
    {
      "type": "Feature",
      "geometry": {
        "type": "Point",
        "coordinates": [
          96.625093,
          41.717282,
          1879.9
        ]
      },
      "properties": {
        "content": "1790",
        "nearest_tunnel": "回风斜井",
        "distance": 25.7,
        "category": "cad_matched"
      }
    },
    {
      "type": "Feature",
      "geometry": {
        "type": "Point",
        "coordinates": [
          96.622095,
          41.715687,
          1834.4
        ]
      },
      "properties": {
        "content": "副斜井",
        "nearest_tunnel": "副斜井",
        "distance": 19.7,
        "category": "cad_matched"
      }
    },
    {
      "type": "Feature",
      "geometry": {
        "type": "Point",
        "coordinates": [
          96.619193,
          41.717616,
          1738.2
        ]
      },
      "properties": {
        "content": "CO上报值：24ppm，上解值：",
        "nearest_tunnel": "主斜井机尾联络巷",
        "distance": 17.8,
        "category": "cad_matched"
      }
    },
    {
      "type": "Feature",
      "geometry": {
        "type": "Point",
        "coordinates": [
          96.59438,
          41.730936,
          1685.0
        ]
      },
      "properties": {
        "content": "1105综采放顶煤工作面",
        "nearest_tunnel": "1105胶带顺槽",
        "distance": 58.8,
        "category": "cad_matched"
      }
    },
    {
      "type": "Feature",
      "geometry": {
        "type": "Point",
        "coordinates": [
          96.610984,
          41.712215,
          1653.6
        ]
      },
      "properties": {
        "content": "躲避硐（3处）",
        "nearest_tunnel": "中央回风大巷",
        "distance": 30.4,
        "category": "cad_matched"
      }
    },
    {
      "type": "Feature",
      "geometry": {
        "type": "Point",
        "coordinates": [
          96.627278,
          41.714382,
          1937.3
        ]
      },
      "properties": {
        "content": "副斜井",
        "nearest_tunnel": "副斜井",
        "distance": 51.8,
        "category": "cad_matched"
      }
    },
    {
      "type": "Feature",
      "geometry": {
        "type": "Point",
        "coordinates": [
          96.596015,
          41.728387,
          1684.9
        ]
      },
      "properties": {
        "content": "1707.45",
        "nearest_tunnel": "1105胶带顺槽",
        "distance": 28.1,
        "category": "cad_matched"
      }
    },
    {
      "type": "Feature",
      "geometry": {
        "type": "Point",
        "coordinates": [
          96.626359,
          41.714898,
          1927.1
        ]
      },
      "properties": {
        "content": "闭锁开关",
        "nearest_tunnel": "副斜井",
        "distance": 21.7,
        "category": "cad_matched"
      }
    },
    {
      "type": "Feature",
      "geometry": {
        "type": "Point",
        "coordinates": [
          96.618476,
          41.717281,
          1741.0
        ]
      },
      "properties": {
        "content": "风筒开停报警值：无风。",
        "nearest_tunnel": "辅运联络巷",
        "distance": 21.6,
        "category": "cad_matched"
      }
    },
    {
      "type": "Feature",
      "geometry": {
        "type": "Point",
        "coordinates": [
          96.613276,
          41.71465,
          1675.5
        ]
      },
      "properties": {
        "content": "躲避硐（19处）",
        "nearest_tunnel": "中央辅运大巷",
        "distance": 15.9,
        "category": "cad_matched"
      }
    },
    {
      "type": "Feature",
      "geometry": {
        "type": "Point",
        "coordinates": [
          96.618165,
          41.717106,
          1742.2
        ]
      },
      "properties": {
        "content": "值＜1.0%.",
        "nearest_tunnel": "辅运联络巷",
        "distance": 23.0,
        "category": "cad_matched"
      }
    },
    {
      "type": "Feature",
      "geometry": {
        "type": "Point",
        "coordinates": [
          96.628615,
          41.715298,
          1933.7
        ]
      },
      "properties": {
        "content": "CO、烟雾",
        "nearest_tunnel": "主斜井",
        "distance": 14.5,
        "category": "cad_matched"
      }
    },
    {
      "type": "Feature",
      "geometry": {
        "type": "Point",
        "coordinates": [
          96.618966,
          41.717824,
          1738.5
        ]
      },
      "properties": {
        "content": "+1733.306",
        "nearest_tunnel": "辅运联络巷",
        "distance": 4.8,
        "category": "cad_matched"
      }
    },
    {
      "type": "Feature",
      "geometry": {
        "type": "Point",
        "coordinates": [
          96.626706,
          41.717375,
          1932.1
        ]
      },
      "properties": {
        "content": "CH4（T2)",
        "nearest_tunnel": "回风斜井",
        "distance": 14.4,
        "category": "cad_matched"
      }
    },
    {
      "type": "Feature",
      "geometry": {
        "type": "Point",
        "coordinates": [
          96.614265,
          41.715059,
          1695.0
        ]
      },
      "properties": {
        "content": "+1690",
        "nearest_tunnel": "1105回风巷",
        "distance": 0.2,
        "category": "cad_matched"
      }
    },
    {
      "type": "Feature",
      "geometry": {
        "type": "Point",
        "coordinates": [
          96.619058,
          41.717313,
          1732.8
        ]
      },
      "properties": {
        "content": "+1727.453",
        "nearest_tunnel": "中央胶带大巷",
        "distance": 4.4,
        "category": "cad_matched"
      }
    },
    {
      "type": "Feature",
      "geometry": {
        "type": "Point",
        "coordinates": [
          96.617323,
          41.715289,
          1739.0
        ]
      },
      "properties": {
        "content": "中央回风大巷",
        "nearest_tunnel": "中央回风大巷",
        "distance": 48.7,
        "category": "cad_matched"
      }
    },
    {
      "type": "Feature",
      "geometry": {
        "type": "Point",
        "coordinates": [
          96.62396,
          41.717806,
          1843.1
        ]
      },
      "properties": {
        "content": "16°",
        "nearest_tunnel": "回风斜井",
        "distance": 31.9,
        "category": "cad_matched"
      }
    },
    {
      "type": "Feature",
      "geometry": {
        "type": "Point",
        "coordinates": [
          96.619193,
          41.717596,
          1738.2
        ]
      },
      "properties": {
        "content": "23ppm。",
        "nearest_tunnel": "主斜井机尾联络巷",
        "distance": 19.9,
        "category": "cad_matched"
      }
    },
    {
      "type": "Feature",
      "geometry": {
        "type": "Point",
        "coordinates": [
          96.627871,
          41.715055,
          1919.6
        ]
      },
      "properties": {
        "content": "烟雾报警值：有烟",
        "nearest_tunnel": "主斜井",
        "distance": 32.4,
        "category": "cad_matched"
      }
    },
    {
      "type": "Feature",
      "geometry": {
        "type": "Point",
        "coordinates": [
          96.626271,
          41.717831,
          1917.9
        ]
      },
      "properties": {
        "content": "安装地点：回风斜井井口皮带机头",
        "nearest_tunnel": "回风斜井",
        "distance": 36.1,
        "category": "cad_matched"
      }
    },
    {
      "type": "Feature",
      "geometry": {
        "type": "Point",
        "coordinates": [
          96.614658,
          41.71433,
          1707.6
        ]
      },
      "properties": {
        "content": "安装地点：中央回风大巷掘进工作",
        "nearest_tunnel": "中央回风大巷",
        "distance": 10.5,
        "category": "cad_matched"
      }
    },
    {
      "type": "Feature",
      "geometry": {
        "type": "Point",
        "coordinates": [
          96.620155,
          41.717081,
          1737.3
        ]
      },
      "properties": {
        "content": "面回风流CH4(T2)。",
        "nearest_tunnel": "架空乘人器硐室",
        "distance": 43.6,
        "category": "cad_matched"
      }
    },
    {
      "type": "Feature",
      "geometry": {
        "type": "Point",
        "coordinates": [
          96.60665,
          41.719261,
          1675.0
        ]
      },
      "properties": {
        "content": "1617.23",
        "nearest_tunnel": "1105进风巷",
        "distance": 42.2,
        "category": "cad_matched"
      }
    },
    {
      "type": "Feature",
      "geometry": {
        "type": "Point",
        "coordinates": [
          96.616323,
          41.716915,
          1715.0
        ]
      },
      "properties": {
        "content": "二号交岔点",
        "nearest_tunnel": "机头硐室",
        "distance": 34.9,
        "category": "cad_matched"
      }
    },
    {
      "type": "Feature",
      "geometry": {
        "type": "Point",
        "coordinates": [
          96.614045,
          41.714393,
          1697.5
        ]
      },
      "properties": {
        "content": "躲避硐（15处）",
        "nearest_tunnel": "中央回风大巷",
        "distance": 24.2,
        "category": "cad_matched"
      }
    },
    {
      "type": "Feature",
      "geometry": {
        "type": "Point",
        "coordinates": [
          96.620043,
          41.717394,
          1737.7
        ]
      },
      "properties": {
        "content": "T=2603",
        "nearest_tunnel": "架空乘人器硐室",
        "distance": 9.8,
        "category": "cad_matched"
      }
    },
    {
      "type": "Feature",
      "geometry": {
        "type": "Point",
        "coordinates": [
          96.620623,
          41.717972,
          1745.6
        ]
      },
      "properties": {
        "content": "+1740",
        "nearest_tunnel": "回风斜井",
        "distance": 48.3,
        "category": "cad_matched"
      }
    },
    {
      "type": "Feature",
      "geometry": {
        "type": "Point",
        "coordinates": [
          96.628004,
          41.717618,
          1936.3
        ]
      },
      "properties": {
        "content": "回风斜井",
        "nearest_tunnel": "回风斜井",
        "distance": 98.0,
        "category": "cad_matched"
      }
    },
    {
      "type": "Feature",
      "geometry": {
        "type": "Point",
        "coordinates": [
          96.629015,
          41.714838,
          1936.3
        ]
      },
      "properties": {
        "content": "X=4620193.5",
        "nearest_tunnel": "主斜井",
        "distance": 45.5,
        "category": "cad_matched"
      }
    },
    {
      "type": "Feature",
      "geometry": {
        "type": "Point",
        "coordinates": [
          96.619585,
          41.716647,
          1767.6
        ]
      },
      "properties": {
        "content": "Y=32551516.800",
        "nearest_tunnel": "副斜井",
        "distance": 7.4,
        "category": "cad_matched"
      }
    },
    {
      "type": "Feature",
      "geometry": {
        "type": "Point",
        "coordinates": [
          96.612005,
          41.712062,
          1658.5
        ]
      },
      "properties": {
        "content": "1710",
        "nearest_tunnel": "中央回风大巷",
        "distance": 92.6,
        "category": "cad_matched"
      }
    },
    {
      "type": "Feature",
      "geometry": {
        "type": "Point",
        "coordinates": [
          96.614658,
          41.714265,
          1706.5
        ]
      },
      "properties": {
        "content": "风筒开停报警值：无风。",
        "nearest_tunnel": "中央回风大巷",
        "distance": 16.4,
        "category": "cad_matched"
      }
    },
    {
      "type": "Feature",
      "geometry": {
        "type": "Point",
        "coordinates": [
          96.62826,
          41.715448,
          1924.0
        ]
      },
      "properties": {
        "content": "闭锁开关",
        "nearest_tunnel": "主斜井",
        "distance": 19.8,
        "category": "cad_matched"
      }
    },
    {
      "type": "Feature",
      "geometry": {
        "type": "Point",
        "coordinates": [
          96.619225,
          41.716518,
          1761.0
        ]
      },
      "properties": {
        "content": "+1730",
        "nearest_tunnel": "副斜井",
        "distance": 16.5,
        "category": "cad_matched"
      }
    },
    {
      "type": "Feature",
      "geometry": {
        "type": "Point",
        "coordinates": [
          96.620508,
          41.71667,
          1788.0
        ]
      },
      "properties": {
        "content": "1734.78",
        "nearest_tunnel": "副斜井",
        "distance": 36.6,
        "category": "cad_matched"
      }
    },
    {
      "type": "Feature",
      "geometry": {
        "type": "Point",
        "coordinates": [
          96.628025,
          41.717525,
          1936.3
        ]
      },
      "properties": {
        "content": "X=4620454.0",
        "nearest_tunnel": "回风斜井",
        "distance": 99.0,
        "category": "cad_matched"
      }
    },
    {
      "type": "Feature",
      "geometry": {
        "type": "Point",
        "coordinates": [
          96.619841,
          41.718089,
          1738.1
        ]
      },
      "properties": {
        "content": "主井机尾联络巷",
        "nearest_tunnel": "主斜井机尾联络巷",
        "distance": 50.3,
        "category": "cad_matched"
      }
    },
    {
      "type": "Feature",
      "geometry": {
        "type": "Point",
        "coordinates": [
          96.619035,
          41.717172,
          1731.9
        ]
      },
      "properties": {
        "content": "a=55°",
        "nearest_tunnel": "中央胶带大巷",
        "distance": 7.3,
        "category": "cad_matched"
      }
    },
    {
      "type": "Feature",
      "geometry": {
        "type": "Point",
        "coordinates": [
          96.626067,
          41.717207,
          1911.5
        ]
      },
      "properties": {
        "content": "双风机双电源开关",
        "nearest_tunnel": "回风斜井",
        "distance": 33.5,
        "category": "cad_matched"
      }
    },
    {
      "type": "Feature",
      "geometry": {
        "type": "Point",
        "coordinates": [
          96.628757,
          41.715511,
          1934.5
        ]
      },
      "properties": {
        "content": "主风机开停",
        "nearest_tunnel": "主斜井",
        "distance": 40.8,
        "category": "cad_matched"
      }
    },
    {
      "type": "Feature",
      "geometry": {
        "type": "Point",
        "coordinates": [
          96.61979,
          41.717627,
          1738.0
        ]
      },
      "properties": {
        "content": "+1733.000",
        "nearest_tunnel": "胶带石门",
        "distance": 0.8,
        "category": "cad_matched"
      }
    },
    {
      "type": "Feature",
      "geometry": {
        "type": "Point",
        "coordinates": [
          96.619192,
          41.717573,
          1734.7
        ]
      },
      "properties": {
        "content": "烟雾报警值：有烟",
        "nearest_tunnel": "中央胶带大巷",
        "distance": 21.9,
        "category": "cad_matched"
      }
    },
    {
      "type": "Feature",
      "geometry": {
        "type": "Point",
        "coordinates": [
          96.617944,
          41.717369,
          1742.1
        ]
      },
      "properties": {
        "content": "风筒",
        "nearest_tunnel": "辅运联络巷",
        "distance": 11.5,
        "category": "cad_matched"
      }
    },
    {
      "type": "Feature",
      "geometry": {
        "type": "Point",
        "coordinates": [
          96.620434,
          41.717169,
          1739.7
        ]
      },
      "properties": {
        "content": "16°",
        "nearest_tunnel": "胶带石门",
        "distance": 28.1,
        "category": "cad_matched"
      }
    },
    {
      "type": "Feature",
      "geometry": {
        "type": "Point",
        "coordinates": [
          96.619715,
          41.717863,
          1738.1
        ]
      },
      "properties": {
        "content": "值＜1.0%.",
        "nearest_tunnel": "主斜井机尾联络巷",
        "distance": 23.1,
        "category": "cad_matched"
      }
    },
    {
      "type": "Feature",
      "geometry": {
        "type": "Point",
        "coordinates": [
          96.628578,
          41.715709,
          1928.3
        ]
      },
      "properties": {
        "content": "双风机双电源开关",
        "nearest_tunnel": "主斜井",
        "distance": 56.2,
        "category": "cad_matched"
      }
    },
    {
      "type": "Feature",
      "geometry": {
        "type": "Point",
        "coordinates": [
          96.614616,
          41.715028,
          1707.8
        ]
      },
      "properties": {
        "content": "+1700",
        "nearest_tunnel": "中央胶带大巷",
        "distance": 5.3,
        "category": "cad_matched"
      }
    },
    {
      "type": "Feature",
      "geometry": {
        "type": "Point",
        "coordinates": [
          96.617781,
          41.717456,
          1742.3
        ]
      },
      "properties": {
        "content": "风筒传感器。",
        "nearest_tunnel": "辅运联络巷",
        "distance": 27.2,
        "category": "cad_matched"
      }
    },
    {
      "type": "Feature",
      "geometry": {
        "type": "Point",
        "coordinates": [
          96.620332,
          41.717002,
          1739.7
        ]
      },
      "properties": {
        "content": "Z=+1735.607",
        "nearest_tunnel": "胶带石门",
        "distance": 48.5,
        "category": "cad_matched"
      }
    },
    {
      "type": "Feature",
      "geometry": {
        "type": "Point",
        "coordinates": [
          96.615352,
          41.716357,
          1724.4
        ]
      },
      "properties": {
        "content": "四号交岔点",
        "nearest_tunnel": "中央辅运大巷",
        "distance": 42.1,
        "category": "cad_matched"
      }
    },
    {
      "type": "Feature",
      "geometry": {
        "type": "Point",
        "coordinates": [
          96.617265,
          41.717149,
          1743.2
        ]
      },
      "properties": {
        "content": "报警值≥1.0%,断电值≥1.5%,复电",
        "nearest_tunnel": "中央辅运大巷",
        "distance": 23.8,
        "category": "cad_matched"
      }
    },
    {
      "type": "Feature",
      "geometry": {
        "type": "Point",
        "coordinates": [
          96.619053,
          41.717032,
          1731.3
        ]
      },
      "properties": {
        "content": "23ppm。",
        "nearest_tunnel": "中央胶带大巷",
        "distance": 21.0,
        "category": "cad_matched"
      }
    },
    {
      "type": "Feature",
      "geometry": {
        "type": "Point",
        "coordinates": [
          96.617243,
          41.717352,
          1743.3
        ]
      },
      "properties": {
        "content": "一号交岔点",
        "nearest_tunnel": "中央辅运大巷",
        "distance": 43.2,
        "category": "cad_matched"
      }
    },
    {
      "type": "Feature",
      "geometry": {
        "type": "Point",
        "coordinates": [
          96.628758,
          41.715484,
          1934.8
        ]
      },
      "properties": {
        "content": "副风机开停",
        "nearest_tunnel": "主斜井",
        "distance": 38.0,
        "category": "cad_matched"
      }
    },
    {
      "type": "Feature",
      "geometry": {
        "type": "Point",
        "coordinates": [
          96.617434,
          41.716847,
          1743.2
        ]
      },
      "properties": {
        "content": "报警值≥1.0%,断电值≥1.5%,复电",
        "nearest_tunnel": "中央辅运大巷",
        "distance": 11.8,
        "category": "cad_matched"
      }
    },
    {
      "type": "Feature",
      "geometry": {
        "type": "Point",
        "coordinates": [
          96.612706,
          41.715517,
          1675.0
        ]
      },
      "properties": {
        "content": "远距离供液硐室",
        "nearest_tunnel": "1105进风巷",
        "distance": 56.9,
        "category": "cad_matched"
      }
    },
    {
      "type": "Feature",
      "geometry": {
        "type": "Point",
        "coordinates": [
          96.617465,
          41.718004,
          1741.9
        ]
      },
      "properties": {
        "content": "单轨吊等候室",
        "nearest_tunnel": "辅运联络巷",
        "distance": 92.2,
        "category": "cad_matched"
      }
    },
    {
      "type": "Feature",
      "geometry": {
        "type": "Point",
        "coordinates": [
          96.620357,
          41.717444,
          1739.1
        ]
      },
      "properties": {
        "content": "+1733.309",
        "nearest_tunnel": "胶带石门",
        "distance": 1.7,
        "category": "cad_matched"
      }
    },
    {
      "type": "Feature",
      "geometry": {
        "type": "Point",
        "coordinates": [
          96.615613,
          41.716502,
          1728.2
        ]
      },
      "properties": {
        "content": "二号交岔点",
        "nearest_tunnel": "中央辅运大巷",
        "distance": 43.0,
        "category": "cad_matched"
      }
    },
    {
      "type": "Feature",
      "geometry": {
        "type": "Point",
        "coordinates": [
          96.626589,
          41.717153,
          1928.4
        ]
      },
      "properties": {
        "content": "副风机开停",
        "nearest_tunnel": "回风斜井",
        "distance": 39.1,
        "category": "cad_matched"
      }
    },
    {
      "type": "Feature",
      "geometry": {
        "type": "Point",
        "coordinates": [
          96.602728,
          41.725304,
          1694.1
        ]
      },
      "properties": {
        "content": "临时避难硐室",
        "nearest_tunnel": "1105回风顺槽",
        "distance": 41.1,
        "category": "cad_matched"
      }
    },
    {
      "type": "Feature",
      "geometry": {
        "type": "Point",
        "coordinates": [
          96.628024,
          41.717466,
          1936.3
        ]
      },
      "properties": {
        "content": "Y=32552163.0",
        "nearest_tunnel": "回风斜井",
        "distance": 99.0,
        "category": "cad_matched"
      }
    },
    {
      "type": "Feature",
      "geometry": {
        "type": "Point",
        "coordinates": [
          96.619269,
          41.718016,
          1738.3
        ]
      },
      "properties": {
        "content": "烟雾报警值：有烟",
        "nearest_tunnel": "主斜井机尾联络巷",
        "distance": 26.1,
        "category": "cad_matched"
      }
    },
    {
      "type": "Feature",
      "geometry": {
        "type": "Point",
        "coordinates": [
          96.612146,
          41.715367,
          1675.0
        ]
      },
      "properties": {
        "content": "+1650",
        "nearest_tunnel": "1105进风巷",
        "distance": 11.1,
        "category": "cad_matched"
      }
    },
    {
      "type": "Feature",
      "geometry": {
        "type": "Point",
        "coordinates": [
          96.620611,
          41.717318,
          1740.0
        ]
      },
      "properties": {
        "content": "+1735.607",
        "nearest_tunnel": "胶带石门",
        "distance": 7.5,
        "category": "cad_matched"
      }
    },
    {
      "type": "Feature",
      "geometry": {
        "type": "Point",
        "coordinates": [
          96.615898,
          41.716703,
          1732.3
        ]
      },
      "properties": {
        "content": "三号交岔点",
        "nearest_tunnel": "中央辅运大巷",
        "distance": 47.9,
        "category": "cad_matched"
      }
    },
    {
      "type": "Feature",
      "geometry": {
        "type": "Point",
        "coordinates": [
          96.617405,
          41.716893,
          1743.2
        ]
      },
      "properties": {
        "content": "+1710",
        "nearest_tunnel": "中央辅运大巷",
        "distance": 6.2,
        "category": "cad_matched"
      }
    },
    {
      "type": "Feature",
      "geometry": {
        "type": "Point",
        "coordinates": [
          96.618855,
          41.716933,
          1749.0
        ]
      },
      "properties": {
        "content": "面CH4(T1)。",
        "nearest_tunnel": "副斜井",
        "distance": 16.0,
        "category": "cad_matched"
      }
    },
    {
      "type": "Feature",
      "geometry": {
        "type": "Point",
        "coordinates": [
          96.618359,
          41.716953,
          1727.0
        ]
      },
      "properties": {
        "content": "+1738.837(轨)",
        "nearest_tunnel": "中央胶带大巷",
        "distance": 4.5,
        "category": "cad_matched"
      }
    },
    {
      "type": "Feature",
      "geometry": {
        "type": "Point",
        "coordinates": [
          96.620656,
          41.717615,
          1746.0
        ]
      },
      "properties": {
        "content": "CO、烟雾",
        "nearest_tunnel": "回风斜井",
        "distance": 8.6,
        "category": "cad_matched"
      }
    },
    {
      "type": "Feature",
      "geometry": {
        "type": "Point",
        "coordinates": [
          96.626768,
          41.717003,
          1934.3
        ]
      },
      "properties": {
        "content": "Z=1931.3",
        "nearest_tunnel": "回风斜井",
        "distance": 55.7,
        "category": "cad_matched"
      }
    },
    {
      "type": "Feature",
      "geometry": {
        "type": "Point",
        "coordinates": [
          96.626091,
          41.717117,
          1912.3
        ]
      },
      "properties": {
        "content": "闭锁开关",
        "nearest_tunnel": "回风斜井",
        "distance": 43.4,
        "category": "cad_matched"
      }
    },
    {
      "type": "Feature",
      "geometry": {
        "type": "Point",
        "coordinates": [
          96.626986,
          41.716468,
          1883.9
        ]
      },
      "properties": {
        "content": "1850",
        "nearest_tunnel": "主斜井",
        "distance": 89.1,
        "category": "cad_matched"
      }
    },
    {
      "type": "Feature",
      "geometry": {
        "type": "Point",
        "coordinates": [
          96.612401,
          41.713845,
          1669.6
        ]
      },
      "properties": {
        "content": "加903",
        "nearest_tunnel": "中央胶带大巷",
        "distance": 1.8,
        "category": "cad_matched"
      }
    },
    {
      "type": "Feature",
      "geometry": {
        "type": "Point",
        "coordinates": [
          96.608024,
          41.713713,
          1628.0
        ]
      },
      "properties": {
        "content": "1620",
        "nearest_tunnel": "主水仓",
        "distance": 44.5,
        "category": "cad_matched"
      }
    },
    {
      "type": "Feature",
      "geometry": {
        "type": "Point",
        "coordinates": [
          96.618355,
          41.717108,
          1727.8
        ]
      },
      "properties": {
        "content": "CH4",
        "nearest_tunnel": "中央胶带大巷",
        "distance": 18.8,
        "category": "cad_matched"
      }
    },
    {
      "type": "Feature",
      "geometry": {
        "type": "Point",
        "coordinates": [
          96.618892,
          41.716431,
          1754.6
        ]
      },
      "properties": {
        "content": "Y=32551474.284",
        "nearest_tunnel": "副斜井",
        "distance": 35.2,
        "category": "cad_matched"
      }
    },
    {
      "type": "Feature",
      "geometry": {
        "type": "Point",
        "coordinates": [
          96.617763,
          41.716924,
          1743.3
        ]
      },
      "properties": {
        "content": "安装地点：二号交岔点维修工作面",
        "nearest_tunnel": "中央辅运大巷",
        "distance": 20.5,
        "category": "cad_matched"
      }
    },
    {
      "type": "Feature",
      "geometry": {
        "type": "Point",
        "coordinates": [
          96.625946,
          41.714538,
          1922.6
        ]
      },
      "properties": {
        "content": "CO上报值：24ppm，上解值：",
        "nearest_tunnel": "副斜井",
        "distance": 27.8,
        "category": "cad_matched"
      }
    },
    {
      "type": "Feature",
      "geometry": {
        "type": "Point",
        "coordinates": [
          96.626727,
          41.716569,
          1876.9
        ]
      },
      "properties": {
        "content": "1840",
        "nearest_tunnel": "主斜井",
        "distance": 92.1,
        "category": "cad_matched"
      }
    },
    {
      "type": "Feature",
      "geometry": {
        "type": "Point",
        "coordinates": [
          96.628707,
          41.714357,
          1936.3
        ]
      },
      "properties": {
        "content": "地面中心站",
        "nearest_tunnel": "主斜井",
        "distance": 87.9,
        "category": "cad_matched"
      }
    },
    {
      "type": "Feature",
      "geometry": {
        "type": "Point",
        "coordinates": [
          96.617434,
          41.716825,
          1743.2
        ]
      },
      "properties": {
        "content": "值＜1.0%.",
        "nearest_tunnel": "中央辅运大巷",
        "distance": 13.8,
        "category": "cad_matched"
      }
    },
    {
      "type": "Feature",
      "geometry": {
        "type": "Point",
        "coordinates": [
          96.615652,
          41.715586,
          1724.7
        ]
      },
      "properties": {
        "content": "+1721",
        "nearest_tunnel": "中央胶带大巷",
        "distance": 7.4,
        "category": "cad_matched"
      }
    },
    {
      "type": "Feature",
      "geometry": {
        "type": "Point",
        "coordinates": [
          96.626279,
          41.71738,
          1918.3
        ]
      },
      "properties": {
        "content": "安装地点：回风斜井井口回风流",
        "nearest_tunnel": "回风斜井",
        "distance": 14.0,
        "category": "cad_matched"
      }
    },
    {
      "type": "Feature",
      "geometry": {
        "type": "Point",
        "coordinates": [
          96.620815,
          41.717795,
          1750.6
        ]
      },
      "properties": {
        "content": "CO上报值：24ppm，上解值：",
        "nearest_tunnel": "回风斜井",
        "distance": 28.8,
        "category": "cad_matched"
      }
    },
    {
      "type": "Feature",
      "geometry": {
        "type": "Point",
        "coordinates": [
          96.619075,
          41.716748,
          1755.1
        ]
      },
      "properties": {
        "content": "+1750.097(轨)",
        "nearest_tunnel": "副斜井",
        "distance": 3.1,
        "category": "cad_matched"
      }
    },
    {
      "type": "Feature",
      "geometry": {
        "type": "Point",
        "coordinates": [
          96.618152,
          41.718426,
          1739.2
        ]
      },
      "properties": {
        "content": "辅运联络巷",
        "nearest_tunnel": "辅运联络巷",
        "distance": 98.4,
        "category": "cad_matched"
      }
    },
    {
      "type": "Feature",
      "geometry": {
        "type": "Point",
        "coordinates": [
          96.619922,
          41.717711,
          1738.0
        ]
      },
      "properties": {
        "content": "CH4（T2)",
        "nearest_tunnel": "胶带石门",
        "distance": 13.3,
        "category": "cad_matched"
      }
    },
    {
      "type": "Feature",
      "geometry": {
        "type": "Point",
        "coordinates": [
          96.619769,
          41.716138,
          1777.4
        ]
      },
      "properties": {
        "content": "H=18m",
        "nearest_tunnel": "副斜井",
        "distance": 40.2,
        "category": "cad_matched"
      }
    },
    {
      "type": "Feature",
      "geometry": {
        "type": "Point",
        "coordinates": [
          96.609857,
          41.712608,
          1649.3
        ]
      },
      "properties": {
        "content": "+1640",
        "nearest_tunnel": "中央胶带大巷",
        "distance": 9.0,
        "category": "cad_matched"
      }
    },
    {
      "type": "Feature",
      "geometry": {
        "type": "Point",
        "coordinates": [
          96.629014,
          41.714779,
          1936.3
        ]
      },
      "properties": {
        "content": "Y=32552316.5",
        "nearest_tunnel": "主斜井",
        "distance": 50.6,
        "category": "cad_matched"
      }
    },
    {
      "type": "Feature",
      "geometry": {
        "type": "Point",
        "coordinates": [
          96.618164,
          41.717221,
          1741.9
        ]
      },
      "properties": {
        "content": "二号立交",
        "nearest_tunnel": "辅运联络巷",
        "distance": 12.4,
        "category": "cad_matched"
      }
    },
    {
      "type": "Feature",
      "geometry": {
        "type": "Point",
        "coordinates": [
          96.626842,
          41.717052,
          1936.3
        ]
      },
      "properties": {
        "content": "Y=32552163.0",
        "nearest_tunnel": "回风斜井",
        "distance": 50.2,
        "category": "cad_matched"
      }
    },
    {
      "type": "Feature",
      "geometry": {
        "type": "Point",
        "coordinates": [
          96.627872,
          41.715141,
          1918.7
        ]
      },
      "properties": {
        "content": "安装地点：主斜井井口皮带机头",
        "nearest_tunnel": "主斜井",
        "distance": 23.4,
        "category": "cad_matched"
      }
    },
    {
      "type": "Feature",
      "geometry": {
        "type": "Point",
        "coordinates": [
          96.627872,
          41.715077,
          1919.4
        ]
      },
      "properties": {
        "content": "23ppm。",
        "nearest_tunnel": "主斜井",
        "distance": 30.1,
        "category": "cad_matched"
      }
    },
    {
      "type": "Feature",
      "geometry": {
        "type": "Point",
        "coordinates": [
          96.618129,
          41.715969,
          1740.2
        ]
      },
      "properties": {
        "content": "+1720",
        "nearest_tunnel": "中央回风大巷",
        "distance": 24.7,
        "category": "cad_matched"
      }
    },
    {
      "type": "Feature",
      "geometry": {
        "type": "Point",
        "coordinates": [
          96.626278,
          41.717316,
          1918.3
        ]
      },
      "properties": {
        "content": "报警值≥1.0%,断电值≥1.0%,复电",
        "nearest_tunnel": "回风斜井",
        "distance": 21.2,
        "category": "cad_matched"
      }
    },
    {
      "type": "Feature",
      "geometry": {
        "type": "Point",
        "coordinates": [
          96.629016,
          41.714929,
          1936.3
        ]
      },
      "properties": {
        "content": "主斜井",
        "nearest_tunnel": "主斜井",
        "distance": 38.4,
        "category": "cad_matched"
      }
    },
    {
      "type": "Feature",
      "geometry": {
        "type": "Point",
        "coordinates": [
          96.619123,
          41.717926,
          1738.3
        ]
      },
      "properties": {
        "content": "CO、烟雾",
        "nearest_tunnel": "主斜井机尾联络巷",
        "distance": 12.5,
        "category": "cad_matched"
      }
    },
    {
      "type": "Feature",
      "geometry": {
        "type": "Point",
        "coordinates": [
          96.62756,
          41.7146,
          1937.3
        ]
      },
      "properties": {
        "content": "X=4620130.0",
        "nearest_tunnel": "副斜井",
        "distance": 70.0,
        "category": "cad_matched"
      }
    },
    {
      "type": "Feature",
      "geometry": {
        "type": "Point",
        "coordinates": [
          96.625507,
          41.714673,
          1912.6
        ]
      },
      "properties": {
        "content": "安装地点：二号交岔点维修工作面",
        "nearest_tunnel": "副斜井",
        "distance": 26.8,
        "category": "cad_matched"
      }
    },
    {
      "type": "Feature",
      "geometry": {
        "type": "Point",
        "coordinates": [
          96.593498,
          41.732548,
          1695.0
        ]
      },
      "properties": {
        "content": "1700",
        "nearest_tunnel": "1105回风顺槽",
        "distance": 97.8,
        "category": "cad_matched"
      }
    },
    {
      "type": "Feature",
      "geometry": {
        "type": "Point",
        "coordinates": [
          96.628024,
          41.717407,
          1936.3
        ]
      },
      "properties": {
        "content": "Z=1931.3",
        "nearest_tunnel": "回风斜井",
        "distance": 99.4,
        "category": "cad_matched"
      }
    },
    {
      "type": "Feature",
      "geometry": {
        "type": "Point",
        "coordinates": [
          96.610014,
          41.712128,
          1647.8
        ]
      },
      "properties": {
        "content": "+1641.000",
        "nearest_tunnel": "中央回风大巷",
        "distance": 7.4,
        "category": "cad_matched"
      }
    },
    {
      "type": "Feature",
      "geometry": {
        "type": "Point",
        "coordinates": [
          96.620155,
          41.717017,
          1737.2
        ]
      },
      "properties": {
        "content": "值＜1.0%.",
        "nearest_tunnel": "架空乘人器硐室",
        "distance": 49.5,
        "category": "cad_matched"
      }
    },
    {
      "type": "Feature",
      "geometry": {
        "type": "Point",
        "coordinates": [
          96.617763,
          41.716902,
          1743.3
        ]
      },
      "properties": {
        "content": "风筒传感器。",
        "nearest_tunnel": "中央辅运大巷",
        "distance": 22.6,
        "category": "cad_matched"
      }
    },
    {
      "type": "Feature",
      "geometry": {
        "type": "Point",
        "coordinates": [
          96.616042,
          41.714112,
          1725.4
        ]
      },
      "properties": {
        "content": "1740",
        "nearest_tunnel": "中央回风大巷",
        "distance": 95.8,
        "category": "cad_matched"
      }
    },
    {
      "type": "Feature",
      "geometry": {
        "type": "Point",
        "coordinates": [
          96.614184,
          41.714039,
          1694.1
        ]
      },
      "properties": {
        "content": "值＜1.0%.",
        "nearest_tunnel": "中央回风大巷",
        "distance": 14.6,
        "category": "cad_matched"
      }
    },
    {
      "type": "Feature",
      "geometry": {
        "type": "Point",
        "coordinates": [
          96.627873,
          41.715119,
          1918.9
        ]
      },
      "properties": {
        "content": "CO、烟雾。",
        "nearest_tunnel": "主斜井",
        "distance": 25.6,
        "category": "cad_matched"
      }
    },
    {
      "type": "Feature",
      "geometry": {
        "type": "Point",
        "coordinates": [
          96.625507,
          41.714586,
          1913.5
        ]
      },
      "properties": {
        "content": "值＜1.0%.",
        "nearest_tunnel": "副斜井",
        "distance": 35.8,
        "category": "cad_matched"
      }
    },
    {
      "type": "Feature",
      "geometry": {
        "type": "Point",
        "coordinates": [
          96.618333,
          41.716432,
          1743.4
        ]
      },
      "properties": {
        "content": "+1738.481",
        "nearest_tunnel": "中央回风大巷",
        "distance": 8.2,
        "category": "cad_matched"
      }
    },
    {
      "type": "Feature",
      "geometry": {
        "type": "Point",
        "coordinates": [
          96.618855,
          41.71689,
          1749.5
        ]
      },
      "properties": {
        "content": "报警值≥1.0%,断电值≥1.5%,复电",
        "nearest_tunnel": "副斜井",
        "distance": 11.6,
        "category": "cad_matched"
      }
    },
    {
      "type": "Feature",
      "geometry": {
        "type": "Point",
        "coordinates": [
          96.619783,
          41.716402,
          1774.8
        ]
      },
      "properties": {
        "content": "1720",
        "nearest_tunnel": "副斜井",
        "distance": 12.4,
        "category": "cad_matched"
      }
    },
    {
      "type": "Feature",
      "geometry": {
        "type": "Point",
        "coordinates": [
          96.609746,
          41.716765,
          1675.0
        ]
      },
      "properties": {
        "content": "1620",
        "nearest_tunnel": "1105进风巷",
        "distance": 34.6,
        "category": "cad_matched"
      }
    },
    {
      "type": "Feature",
      "geometry": {
        "type": "Point",
        "coordinates": [
          96.611264,
          41.711782,
          1653.0
        ]
      },
      "properties": {
        "content": "1690",
        "nearest_tunnel": "中央回风大巷",
        "distance": 83.2,
        "category": "cad_matched"
      }
    },
    {
      "type": "Feature",
      "geometry": {
        "type": "Point",
        "coordinates": [
          96.610189,
          41.712518,
          1651.2
        ]
      },
      "properties": {
        "content": "+1650",
        "nearest_tunnel": "中央胶带大巷",
        "distance": 15.0,
        "category": "cad_matched"
      }
    },
    {
      "type": "Feature",
      "geometry": {
        "type": "Point",
        "coordinates": [
          96.625575,
          41.717095,
          1895.6
        ]
      },
      "properties": {
        "content": "1800",
        "nearest_tunnel": "回风斜井",
        "distance": 46.2,
        "category": "cad_matched"
      }
    },
    {
      "type": "Feature",
      "geometry": {
        "type": "Point",
        "coordinates": [
          96.620016,
          41.717424,
          1737.7
        ]
      },
      "properties": {
        "content": "a=55°",
        "nearest_tunnel": "架空乘人器硐室",
        "distance": 5.8,
        "category": "cad_matched"
      }
    },
    {
      "type": "Feature",
      "geometry": {
        "type": "Point",
        "coordinates": [
          96.620261,
          41.717076,
          1739.3
        ]
      },
      "properties": {
        "content": "X=4620431.978",
        "nearest_tunnel": "胶带石门",
        "distance": 42.8,
        "category": "cad_matched"
      }
    },
    {
      "type": "Feature",
      "geometry": {
        "type": "Point",
        "coordinates": [
          96.598607,
          41.726894,
          1684.9
        ]
      },
      "properties": {
        "content": "1105胶带顺槽",
        "nearest_tunnel": "1105胶带顺槽",
        "distance": 22.5,
        "category": "cad_matched"
      }
    },
    {
      "type": "Feature",
      "geometry": {
        "type": "Point",
        "coordinates": [
          96.624656,
          41.716971,
          1865.9
        ]
      },
      "properties": {
        "content": "1790.19",
        "nearest_tunnel": "回风斜井",
        "distance": 60.4,
        "category": "cad_matched"
      }
    },
    {
      "type": "Feature",
      "geometry": {
        "type": "Point",
        "coordinates": [
          96.614537,
          41.714085,
          1701.3
        ]
      },
      "properties": {
        "content": "报警值≥1.0%,断电值≥1.5%,复电",
        "nearest_tunnel": "中央回风大巷",
        "distance": 27.1,
        "category": "cad_matched"
      }
    },
    {
      "type": "Feature",
      "geometry": {
        "type": "Point",
        "coordinates": [
          96.627872,
          41.715097,
          1919.2
        ]
      },
      "properties": {
        "content": "CO上报值：24ppm，上解值：",
        "nearest_tunnel": "主斜井",
        "distance": 28.0,
        "category": "cad_matched"
      }
    },
    {
      "type": "Feature",
      "geometry": {
        "type": "Point",
        "coordinates": [
          96.626689,
          41.717674,
          1931.5
        ]
      },
      "properties": {
        "content": "CO、烟雾",
        "nearest_tunnel": "回风斜井",
        "distance": 18.8,
        "category": "cad_matched"
      }
    },
    {
      "type": "Feature",
      "geometry": {
        "type": "Point",
        "coordinates": [
          96.617934,
          41.716437,
          1726.7
        ]
      },
      "properties": {
        "content": "中央胶带大巷",
        "nearest_tunnel": "中央胶带大巷",
        "distance": 22.5,
        "category": "cad_matched"
      }
    },
    {
      "type": "Feature",
      "geometry": {
        "type": "Point",
        "coordinates": [
          96.610504,
          41.712449,
          1652.2
        ]
      },
      "properties": {
        "content": "+1660",
        "nearest_tunnel": "中央回风大巷",
        "distance": 13.7,
        "category": "cad_matched"
      }
    },
    {
      "type": "Feature",
      "geometry": {
        "type": "Point",
        "coordinates": [
          96.618933,
          41.717248,
          1731.7
        ]
      },
      "properties": {
        "content": "+1727.453",
        "nearest_tunnel": "中央胶带大巷",
        "distance": 4.4,
        "category": "cad_matched"
      }
    },
    {
      "type": "Feature",
      "geometry": {
        "type": "Point",
        "coordinates": [
          96.614537,
          41.714063,
          1700.9
        ]
      },
      "properties": {
        "content": "值＜1.0%.",
        "nearest_tunnel": "中央回风大巷",
        "distance": 29.2,
        "category": "cad_matched"
      }
    },
    {
      "type": "Feature",
      "geometry": {
        "type": "Point",
        "coordinates": [
          96.620497,
          41.717369,
          1739.6
        ]
      },
      "properties": {
        "content": "井底车场分站",
        "nearest_tunnel": "胶带石门",
        "distance": 5.4,
        "category": "cad_matched"
      }
    },
    {
      "type": "Feature",
      "geometry": {
        "type": "Point",
        "coordinates": [
          96.618598,
          41.717161,
          1729.4
        ]
      },
      "properties": {
        "content": "风筒",
        "nearest_tunnel": "中央胶带大巷",
        "distance": 12.2,
        "category": "cad_matched"
      }
    },
    {
      "type": "Feature",
      "geometry": {
        "type": "Point",
        "coordinates": [
          96.617435,
          41.716912,
          1743.2
        ]
      },
      "properties": {
        "content": "安装地点：二号交岔点维修工作面",
        "nearest_tunnel": "中央辅运大巷",
        "distance": 6.0,
        "category": "cad_matched"
      }
    },
    {
      "type": "Feature",
      "geometry": {
        "type": "Point",
        "coordinates": [
          96.596476,
          41.731056,
          1695.0
        ]
      },
      "properties": {
        "content": "1690",
        "nearest_tunnel": "1105回风顺槽",
        "distance": 78.2,
        "category": "cad_matched"
      }
    },
    {
      "type": "Feature",
      "geometry": {
        "type": "Point",
        "coordinates": [
          96.627413,
          41.714502,
          1937.3
        ]
      },
      "properties": {
        "content": "Z=1932.3",
        "nearest_tunnel": "副斜井",
        "distance": 58.5,
        "category": "cad_matched"
      }
    },
    {
      "type": "Feature",
      "geometry": {
        "type": "Point",
        "coordinates": [
          96.626576,
          41.71496,
          1930.8
        ]
      },
      "properties": {
        "content": "断电控制器",
        "nearest_tunnel": "副斜井",
        "distance": 34.5,
        "category": "cad_matched"
      }
    },
    {
      "type": "Feature",
      "geometry": {
        "type": "Point",
        "coordinates": [
          96.625053,
          41.717001,
          1878.7
        ]
      },
      "properties": {
        "content": "1.58",
        "nearest_tunnel": "回风斜井",
        "distance": 56.9,
        "category": "cad_matched"
      }
    },
    {
      "type": "Feature",
      "geometry": {
        "type": "Point",
        "coordinates": [
          96.619048,
          41.717158,
          1731.9
        ]
      },
      "properties": {
        "content": "R=5000",
        "nearest_tunnel": "中央胶带大巷",
        "distance": 9.3,
        "category": "cad_matched"
      }
    },
    {
      "type": "Feature",
      "geometry": {
        "type": "Point",
        "coordinates": [
          96.615141,
          41.71744,
          1715.0
        ]
      },
      "properties": {
        "content": "1710",
        "nearest_tunnel": "机头硐室",
        "distance": 69.3,
        "category": "cad_matched"
      }
    },
    {
      "type": "Feature",
      "geometry": {
        "type": "Point",
        "coordinates": [
          96.608519,
          41.712806,
          1631.0
        ]
      },
      "properties": {
        "content": "+1620",
        "nearest_tunnel": "主水仓",
        "distance": 29.1,
        "category": "cad_matched"
      }
    },
    {
      "type": "Feature",
      "geometry": {
        "type": "Point",
        "coordinates": [
          96.612291,
          41.716829,
          1690.0
        ]
      },
      "properties": {
        "content": "13.35",
        "nearest_tunnel": "1105回风巷",
        "distance": 8.2,
        "category": "cad_matched"
      }
    },
    {
      "type": "Feature",
      "geometry": {
        "type": "Point",
        "coordinates": [
          96.61927,
          41.718058,
          1738.3
        ]
      },
      "properties": {
        "content": "CO上报值：24ppm，上解值：",
        "nearest_tunnel": "主斜井机尾联络巷",
        "distance": 30.5,
        "category": "cad_matched"
      }
    },
    {
      "type": "Feature",
      "geometry": {
        "type": "Point",
        "coordinates": [
          96.626309,
          41.717178,
          1919.3
        ]
      },
      "properties": {
        "content": "断电控制器",
        "nearest_tunnel": "回风斜井",
        "distance": 36.5,
        "category": "cad_matched"
      }
    },
    {
      "type": "Feature",
      "geometry": {
        "type": "Point",
        "coordinates": [
          96.619553,
          41.716687,
          1766.4
        ]
      },
      "properties": {
        "content": "X=4620362.467",
        "nearest_tunnel": "副斜井",
        "distance": 10.6,
        "category": "cad_matched"
      }
    },
    {
      "type": "Feature",
      "geometry": {
        "type": "Point",
        "coordinates": [
          96.592269,
          41.731224,
          1685.0
        ]
      },
      "properties": {
        "content": "1690",
        "nearest_tunnel": "1105胶带顺槽",
        "distance": 75.6,
        "category": "cad_matched"
      }
    },
    {
      "type": "Feature",
      "geometry": {
        "type": "Point",
        "coordinates": [
          96.595951,
          41.729129,
          1685.0
        ]
      },
      "properties": {
        "content": "1700",
        "nearest_tunnel": "1105胶带顺槽",
        "distance": 22.8,
        "category": "cad_matched"
      }
    },
    {
      "type": "Feature",
      "geometry": {
        "type": "Point",
        "coordinates": [
          96.600805,
          41.72606,
          1695.0
        ]
      },
      "properties": {
        "content": "1740",
        "nearest_tunnel": "1105回风顺槽",
        "distance": 22.4,
        "category": "cad_matched"
      }
    },
    {
      "type": "Feature",
      "geometry": {
        "type": "Point",
        "coordinates": [
          96.619509,
          41.716742,
          1764.9
        ]
      },
      "properties": {
        "content": "一号立交",
        "nearest_tunnel": "副斜井",
        "distance": 15.1,
        "category": "cad_matched"
      }
    },
    {
      "type": "Feature",
      "geometry": {
        "type": "Point",
        "coordinates": [
          96.620019,
          41.717538,
          1738.1
        ]
      },
      "properties": {
        "content": "+1733.159",
        "nearest_tunnel": "胶带石门",
        "distance": 1.7,
        "category": "cad_matched"
      }
    },
    {
      "type": "Feature",
      "geometry": {
        "type": "Point",
        "coordinates": [
          96.619355,
          41.717466,
          1735.1
        ]
      },
      "properties": {
        "content": "+1730.000",
        "nearest_tunnel": "中央胶带大巷",
        "distance": 4.4,
        "category": "cad_matched"
      }
    },
    {
      "type": "Feature",
      "geometry": {
        "type": "Point",
        "coordinates": [
          96.617551,
          41.71727,
          1743.3
        ]
      },
      "properties": {
        "content": "值＜1.0%.",
        "nearest_tunnel": "辅运联络巷",
        "distance": 21.0,
        "category": "cad_matched"
      }
    },
    {
      "type": "Feature",
      "geometry": {
        "type": "Point",
        "coordinates": [
          96.619054,
          41.717052,
          1731.4
        ]
      },
      "properties": {
        "content": "CO上报值：24ppm，上解值：",
        "nearest_tunnel": "中央胶带大巷",
        "distance": 19.2,
        "category": "cad_matched"
      }
    },
    {
      "type": "Feature",
      "geometry": {
        "type": "Point",
        "coordinates": [
          96.623752,
          41.717881,
          1836.4
        ]
      },
      "properties": {
        "content": "1760",
        "nearest_tunnel": "回风斜井",
        "distance": 40.1,
        "category": "cad_matched"
      }
    },
    {
      "type": "Feature",
      "geometry": {
        "type": "Point",
        "coordinates": [
          96.625946,
          41.71456,
          1922.4
        ]
      },
      "properties": {
        "content": "CO、烟雾。",
        "nearest_tunnel": "副斜井",
        "distance": 25.5,
        "category": "cad_matched"
      }
    },
    {
      "type": "Feature",
      "geometry": {
        "type": "Point",
        "coordinates": [
          96.617785,
          41.717096,
          1743.1
        ]
      },
      "properties": {
        "content": "+1738.559",
        "nearest_tunnel": "辅运联络巷",
        "distance": 6.0,
        "category": "cad_matched"
      }
    },
    {
      "type": "Feature",
      "geometry": {
        "type": "Point",
        "coordinates": [
          96.618898,
          41.716274,
          1743.4
        ]
      },
      "properties": {
        "content": "轨道石门",
        "nearest_tunnel": "中央回风大巷",
        "distance": 44.9,
        "category": "cad_matched"
      }
    },
    {
      "type": "Feature",
      "geometry": {
        "type": "Point",
        "coordinates": [
          96.620155,
          41.717039,
          1737.2
        ]
      },
      "properties": {
        "content": "报警值≥1.0%,断电值≥1.0%,复电",
        "nearest_tunnel": "架空乘人器硐室",
        "distance": 47.5,
        "category": "cad_matched"
      }
    },
    {
      "type": "Feature",
      "geometry": {
        "type": "Point",
        "coordinates": [
          96.615949,
          41.717622,
          1715.0
        ]
      },
      "properties": {
        "content": "+1700",
        "nearest_tunnel": "机头硐室",
        "distance": 5.7,
        "category": "cad_matched"
      }
    },
    {
      "type": "Feature",
      "geometry": {
        "type": "Point",
        "coordinates": [
          96.618924,
          41.716391,
          1755.7
        ]
      },
      "properties": {
        "content": "Z=+1738.916",
        "nearest_tunnel": "副斜井",
        "distance": 38.4,
        "category": "cad_matched"
      }
    },
    {
      "type": "Feature",
      "geometry": {
        "type": "Point",
        "coordinates": [
          96.605018,
          41.722057,
          1691.9
        ]
      },
      "properties": {
        "content": "1632.84",
        "nearest_tunnel": "1105回风顺槽",
        "distance": 56.8,
        "category": "cad_matched"
      }
    },
    {
      "type": "Feature",
      "geometry": {
        "type": "Point",
        "coordinates": [
          96.604285,
          41.724492,
          1693.2
        ]
      },
      "properties": {
        "content": "一采区",
        "nearest_tunnel": "1105回风顺槽",
        "distance": 77.8,
        "category": "cad_matched"
      }
    },
    {
      "type": "Feature",
      "geometry": {
        "type": "Point",
        "coordinates": [
          96.614434,
          41.714272,
          1702.5
        ]
      },
      "properties": {
        "content": "风筒",
        "nearest_tunnel": "中央回风大巷",
        "distance": 5.2,
        "category": "cad_matched"
      }
    },
    {
      "type": "Feature",
      "geometry": {
        "type": "Point",
        "coordinates": [
          96.626271,
          41.717767,
          1917.9
        ]
      },
      "properties": {
        "content": "23ppm。",
        "nearest_tunnel": "回风斜井",
        "distance": 28.9,
        "category": "cad_matched"
      }
    },
    {
      "type": "Feature",
      "geometry": {
        "type": "Point",
        "coordinates": [
          96.617764,
          41.717475,
          1742.3
        ]
      },
      "properties": {
        "content": "安装地点：辅运联络巷维修工作面",
        "nearest_tunnel": "辅运联络巷",
        "distance": 29.7,
        "category": "cad_matched"
      }
    },
    {
      "type": "Feature",
      "geometry": {
        "type": "Point",
        "coordinates": [
          96.618492,
          41.716019,
          1741.5
        ]
      },
      "properties": {
        "content": "Y=32551459.630",
        "nearest_tunnel": "中央回风大巷",
        "distance": 37.3,
        "category": "cad_matched"
      }
    },
    {
      "type": "Feature",
      "geometry": {
        "type": "Point",
        "coordinates": [
          96.60885,
          41.714148,
          1628.0
        ]
      },
      "properties": {
        "content": "主水仓",
        "nearest_tunnel": "主水仓",
        "distance": 41.6,
        "category": "cad_matched"
      }
    },
    {
      "type": "Feature",
      "geometry": {
        "type": "Point",
        "coordinates": [
          96.620297,
          41.717039,
          1739.5
        ]
      },
      "properties": {
        "content": "Y=32551661.286",
        "nearest_tunnel": "胶带石门",
        "distance": 45.7,
        "category": "cad_matched"
      }
    },
    {
      "type": "Feature",
      "geometry": {
        "type": "Point",
        "coordinates": [
          96.627249,
          41.714297,
          1937.3
        ]
      },
      "properties": {
        "content": "X=4620130.0",
        "nearest_tunnel": "副斜井",
        "distance": 54.6,
        "category": "cad_matched"
      }
    },
    {
      "type": "Feature",
      "geometry": {
        "type": "Point",
        "coordinates": [
          96.619333,
          41.718094,
          1738.2
        ]
      },
      "properties": {
        "content": "+1720",
        "nearest_tunnel": "主斜井机尾联络巷",
        "distance": 36.1,
        "category": "cad_matched"
      }
    },
    {
      "type": "Feature",
      "geometry": {
        "type": "Point",
        "coordinates": [
          96.61703,
          41.716823,
          1722.8
        ]
      },
      "properties": {
        "content": "+1737.998",
        "nearest_tunnel": "机头硐室",
        "distance": 2.1,
        "category": "cad_matched"
      }
    },
    {
      "type": "Feature",
      "geometry": {
        "type": "Point",
        "coordinates": [
          96.618859,
          41.716471,
          1753.5
        ]
      },
      "properties": {
        "content": "X=4620377.942",
        "nearest_tunnel": "副斜井",
        "distance": 32.0,
        "category": "cad_matched"
      }
    },
    {
      "type": "Feature",
      "geometry": {
        "type": "Point",
        "coordinates": [
          96.605397,
          41.722087,
          1691.8
        ]
      },
      "properties": {
        "content": "11.27",
        "nearest_tunnel": "1105回风顺槽",
        "distance": 31.0,
        "category": "cad_matched"
      }
    },
    {
      "type": "Feature",
      "geometry": {
        "type": "Point",
        "coordinates": [
          96.629013,
          41.71472,
          1936.3
        ]
      },
      "properties": {
        "content": "Z=1931.6",
        "nearest_tunnel": "主斜井",
        "distance": 56.0,
        "category": "cad_matched"
      }
    },
    {
      "type": "Feature",
      "geometry": {
        "type": "Point",
        "coordinates": [
          96.615832,
          41.71496,
          1733.5
        ]
      },
      "properties": {
        "content": "+1730",
        "nearest_tunnel": "中央回风大巷",
        "distance": 8.4,
        "category": "cad_matched"
      }
    },
    {
      "type": "Feature",
      "geometry": {
        "type": "Point",
        "coordinates": [
          96.609556,
          41.717607,
          1675.0
        ]
      },
      "properties": {
        "content": "(暂不装备)",
        "nearest_tunnel": "1105进风巷",
        "distance": 15.9,
        "category": "cad_matched"
      }
    },
    {
      "type": "Feature",
      "geometry": {
        "type": "Point",
        "coordinates": [
          96.617701,
          41.717252,
          1743.0
        ]
      },
      "properties": {
        "content": "CH4（T1)",
        "nearest_tunnel": "辅运联络巷",
        "distance": 12.3,
        "category": "cad_matched"
      }
    },
    {
      "type": "Feature",
      "geometry": {
        "type": "Point",
        "coordinates": [
          96.617729,
          41.717184,
          1743.1
        ]
      },
      "properties": {
        "content": "+1738.559",
        "nearest_tunnel": "辅运联络巷",
        "distance": 4.8,
        "category": "cad_matched"
      }
    },
    {
      "type": "Feature",
      "geometry": {
        "type": "Point",
        "coordinates": [
          96.619771,
          41.717904,
          1738.0
        ]
      },
      "properties": {
        "content": "Y=32551574.016",
        "nearest_tunnel": "主斜井机尾联络巷",
        "distance": 29.0,
        "category": "cad_matched"
      }
    },
    {
      "type": "Feature",
      "geometry": {
        "type": "Point",
        "coordinates": [
          96.611036,
          41.715932,
          1675.0
        ]
      },
      "properties": {
        "content": "1630",
        "nearest_tunnel": "1105进风巷",
        "distance": 16.1,
        "category": "cad_matched"
      }
    },
    {
      "type": "Feature",
      "geometry": {
        "type": "Point",
        "coordinates": [
          96.618816,
          41.716526,
          1752.2
        ]
      },
      "properties": {
        "content": "副斜井落底点",
        "nearest_tunnel": "副斜井",
        "distance": 27.5,
        "category": "cad_matched"
      }
    },
    {
      "type": "Feature",
      "geometry": {
        "type": "Point",
        "coordinates": [
          96.615069,
          41.717185,
          1715.0
        ]
      },
      "properties": {
        "content": "+1710",
        "nearest_tunnel": "机头硐室",
        "distance": 92.7,
        "category": "cad_matched"
      }
    },
    {
      "type": "Feature",
      "geometry": {
        "type": "Point",
        "coordinates": [
          96.619715,
          41.717885,
          1738.1
        ]
      },
      "properties": {
        "content": "报警值≥1.0%,断电值≥1.0%,复电",
        "nearest_tunnel": "主斜井机尾联络巷",
        "distance": 25.5,
        "category": "cad_matched"
      }
    },
    {
      "type": "Feature",
      "geometry": {
        "type": "Point",
        "coordinates": [
          96.618149,
          41.717124,
          1742.2
        ]
      },
      "properties": {
        "content": "报警值≥1.0%,断电值≥1.5%,复电",
        "nearest_tunnel": "辅运联络巷",
        "distance": 20.5,
        "category": "cad_matched"
      }
    },
    {
      "type": "Feature",
      "geometry": {
        "type": "Point",
        "coordinates": [
          96.619062,
          41.717143,
          1731.9
        ]
      },
      "properties": {
        "content": "T=2603",
        "nearest_tunnel": "中央胶带大巷",
        "distance": 11.3,
        "category": "cad_matched"
      }
    },
    {
      "type": "Feature",
      "geometry": {
        "type": "Point",
        "coordinates": [
          96.614184,
          41.714062,
          1694.5
        ]
      },
      "properties": {
        "content": "报警值≥1.0%,断电值≥1.5%,复电",
        "nearest_tunnel": "中央回风大巷",
        "distance": 12.6,
        "category": "cad_matched"
      }
    },
    {
      "type": "Feature",
      "geometry": {
        "type": "Point",
        "coordinates": [
          96.628602,
          41.715619,
          1929.8
        ]
      },
      "properties": {
        "content": "闭锁开关",
        "nearest_tunnel": "主斜井",
        "distance": 47.5,
        "category": "cad_matched"
      }
    },
    {
      "type": "Feature",
      "geometry": {
        "type": "Point",
        "coordinates": [
          96.597257,
          41.72953,
          1695.0
        ]
      },
      "properties": {
        "content": "1690",
        "nearest_tunnel": "1105回风顺槽",
        "distance": 13.9,
        "category": "cad_matched"
      }
    },
    {
      "type": "Feature",
      "geometry": {
        "type": "Point",
        "coordinates": [
          96.611591,
          41.715727,
          1675.0
        ]
      },
      "properties": {
        "content": "1640",
        "nearest_tunnel": "1105进风巷",
        "distance": 3.2,
        "category": "cad_matched"
      }
    },
    {
      "type": "Feature",
      "geometry": {
        "type": "Point",
        "coordinates": [
          96.617486,
          41.717341,
          1743.3
        ]
      },
      "properties": {
        "content": "安装地点：辅运联络巷维修工作面",
        "nearest_tunnel": "辅运联络巷",
        "distance": 30.6,
        "category": "cad_matched"
      }
    },
    {
      "type": "Feature",
      "geometry": {
        "type": "Point",
        "coordinates": [
          96.624675,
          41.717477,
          1866.3
        ]
      },
      "properties": {
        "content": "1780",
        "nearest_tunnel": "回风斜井",
        "distance": 4.3,
        "category": "cad_matched"
      }
    },
    {
      "type": "Feature",
      "geometry": {
        "type": "Point",
        "coordinates": [
          96.626335,
          41.714988,
          1925.8
        ]
      },
      "properties": {
        "content": "双风机双电源开关",
        "nearest_tunnel": "副斜井",
        "distance": 30.4,
        "category": "cad_matched"
      }
    },
    {
      "type": "Feature",
      "geometry": {
        "type": "Point",
        "coordinates": [
          96.614658,
          41.714307,
          1707.2
        ]
      },
      "properties": {
        "content": "面风筒传感器。",
        "nearest_tunnel": "中央回风大巷",
        "distance": 12.5,
        "category": "cad_matched"
      }
    },
    {
      "type": "Feature",
      "geometry": {
        "type": "Point",
        "coordinates": [
          96.619395,
          41.717307,
          1735.2
        ]
      },
      "properties": {
        "content": "CO、烟雾",
        "nearest_tunnel": "架空乘人器硐室",
        "distance": 10.4,
        "category": "cad_matched"
      }
    },
    {
      "type": "Feature",
      "geometry": {
        "type": "Point",
        "coordinates": [
          96.622169,
          41.715665,
          1836.3
        ]
      },
      "properties": {
        "content": "15°",
        "nearest_tunnel": "副斜井",
        "distance": 19.8,
        "category": "cad_matched"
      }
    },
    {
      "type": "Feature",
      "geometry": {
        "type": "Point",
        "coordinates": [
          96.622738,
          41.716461,
          1791.0
        ]
      },
      "properties": {
        "content": "主斜井",
        "nearest_tunnel": "主斜井",
        "distance": 35.0,
        "category": "cad_matched"
      }
    },
    {
      "type": "Feature",
      "geometry": {
        "type": "Point",
        "coordinates": [
          96.625505,
          41.71465,
          1912.8
        ]
      },
      "properties": {
        "content": "回风流CH4(T2)。",
        "nearest_tunnel": "副斜井",
        "distance": 29.1,
        "category": "cad_matched"
      }
    },
    {
      "type": "Feature",
      "geometry": {
        "type": "Point",
        "coordinates": [
          96.6196,
          41.717604,
          1737.0
        ]
      },
      "properties": {
        "content": "+1733.000",
        "nearest_tunnel": "中央胶带大巷",
        "distance": 5.4,
        "category": "cad_matched"
      }
    },
    {
      "type": "Feature",
      "geometry": {
        "type": "Point",
        "coordinates": [
          96.598236,
          41.72561,
          1684.9
        ]
      },
      "properties": {
        "content": "无煤区Ⅴ",
        "nearest_tunnel": "1105胶带顺槽",
        "distance": 95.4,
        "category": "cad_matched"
      }
    },
    {
      "type": "Feature",
      "geometry": {
        "type": "Point",
        "coordinates": [
          96.61242,
          41.713807,
          1669.6
        ]
      },
      "properties": {
        "content": "1663.91",
        "nearest_tunnel": "中央胶带大巷",
        "distance": 2.5,
        "category": "cad_matched"
      }
    },
    {
      "type": "Feature",
      "geometry": {
        "type": "Point",
        "coordinates": [
          96.61846,
          41.716059,
          1741.5
        ]
      },
      "properties": {
        "content": "X=4620322.437",
        "nearest_tunnel": "中央回风大巷",
        "distance": 32.1,
        "category": "cad_matched"
      }
    },
    {
      "type": "Feature",
      "geometry": {
        "type": "Point",
        "coordinates": [
          96.617507,
          41.717148,
          1743.3
        ]
      },
      "properties": {
        "content": "CH4",
        "nearest_tunnel": "中央辅运大巷",
        "distance": 12.0,
        "category": "cad_matched"
      }
    },
    {
      "type": "Feature",
      "geometry": {
        "type": "Point",
        "coordinates": [
          96.610667,
          41.718406,
          1690.0
        ]
      },
      "properties": {
        "content": "(暂不装备)",
        "nearest_tunnel": "1105回风巷",
        "distance": 24.0,
        "category": "cad_matched"
      }
    },
    {
      "type": "Feature",
      "geometry": {
        "type": "Point",
        "coordinates": [
          96.614538,
          41.71415,
          1702.4
        ]
      },
      "properties": {
        "content": "安装地点：中央回风大巷掘进工作",
        "nearest_tunnel": "中央回风大巷",
        "distance": 21.3,
        "category": "cad_matched"
      }
    },
    {
      "type": "Feature",
      "geometry": {
        "type": "Point",
        "coordinates": [
          96.626271,
          41.717745,
          1917.9
        ]
      },
      "properties": {
        "content": "烟雾报警值：有烟",
        "nearest_tunnel": "回风斜井",
        "distance": 26.4,
        "category": "cad_matched"
      }
    },
    {
      "type": "Feature",
      "geometry": {
        "type": "Point",
        "coordinates": [
          96.617216,
          41.717203,
          1743.2
        ]
      },
      "properties": {
        "content": "安装地点：二号交岔点维修工作面",
        "nearest_tunnel": "中央辅运大巷",
        "distance": 30.9,
        "category": "cad_matched"
      }
    },
    {
      "type": "Feature",
      "geometry": {
        "type": "Point",
        "coordinates": [
          96.617282,
          41.717131,
          1743.2
        ]
      },
      "properties": {
        "content": "值＜1.0%.",
        "nearest_tunnel": "中央辅运大巷",
        "distance": 21.3,
        "category": "cad_matched"
      }
    },
    {
      "type": "Feature",
      "geometry": {
        "type": "Point",
        "coordinates": [
          96.619013,
          41.71715,
          1731.7
        ]
      },
      "properties": {
        "content": "CO、烟雾",
        "nearest_tunnel": "中央胶带大巷",
        "distance": 8.3,
        "category": "cad_matched"
      }
    },
    {
      "type": "Feature",
      "geometry": {
        "type": "Point",
        "coordinates": [
          96.626272,
          41.717809,
          1917.9
        ]
      },
      "properties": {
        "content": "CO、烟雾。",
        "nearest_tunnel": "回风斜井",
        "distance": 33.6,
        "category": "cad_matched"
      }
    },
    {
      "type": "Feature",
      "geometry": {
        "type": "Point",
        "coordinates": [
          96.619723,
          41.718014,
          1738.1
        ]
      },
      "properties": {
        "content": "胶带搭接点",
        "nearest_tunnel": "主斜井机尾联络巷",
        "distance": 39.1,
        "category": "cad_matched"
      }
    },
    {
      "type": "Feature",
      "geometry": {
        "type": "Point",
        "coordinates": [
          96.627717,
          41.717956,
          1936.3
        ]
      },
      "properties": {
        "content": "1850",
        "nearest_tunnel": "回风斜井",
        "distance": 88.9,
        "category": "cad_matched"
      }
    },
    {
      "type": "Feature",
      "geometry": {
        "type": "Point",
        "coordinates": [
          96.619043,
          41.716765,
          1754.3
        ]
      },
      "properties": {
        "content": "+1758.493(风)",
        "nearest_tunnel": "副斜井",
        "distance": 4.0,
        "category": "cad_matched"
      }
    },
    {
      "type": "Feature",
      "geometry": {
        "type": "Point",
        "coordinates": [
          96.623663,
          41.717598,
          1833.8
        ]
      },
      "properties": {
        "content": "16°",
        "nearest_tunnel": "回风斜井",
        "distance": 8.6,
        "category": "cad_matched"
      }
    },
    {
      "type": "Feature",
      "geometry": {
        "type": "Point",
        "coordinates": [
          96.617436,
          41.71689,
          1743.2
        ]
      },
      "properties": {
        "content": "CH4(T1)。",
        "nearest_tunnel": "中央辅运大巷",
        "distance": 8.0,
        "category": "cad_matched"
      }
    },
    {
      "type": "Feature",
      "geometry": {
        "type": "Point",
        "coordinates": [
          96.615037,
          41.715035,
          1715.8
        ]
      },
      "properties": {
        "content": "+1710",
        "nearest_tunnel": "中央胶带大巷",
        "distance": 13.9,
        "category": "cad_matched"
      }
    },
    {
      "type": "Feature",
      "geometry": {
        "type": "Point",
        "coordinates": [
          96.616425,
          41.716688,
          1736.8
        ]
      },
      "properties": {
        "content": "9.11",
        "nearest_tunnel": "中央辅运大巷",
        "distance": 21.7,
        "category": "cad_matched"
      }
    },
    {
      "type": "Feature",
      "geometry": {
        "type": "Point",
        "coordinates": [
          96.6186,
          41.716869,
          1744.7
        ]
      },
      "properties": {
        "content": "+1738.916",
        "nearest_tunnel": "副斜井",
        "distance": 2.0,
        "category": "cad_matched"
      }
    },
    {
      "type": "Feature",
      "geometry": {
        "type": "Point",
        "coordinates": [
          96.609778,
          41.713097,
          1635.0
        ]
      },
      "properties": {
        "content": "+1630.000",
        "nearest_tunnel": "主排水泵房",
        "distance": 1.7,
        "category": "cad_matched"
      }
    },
    {
      "type": "Feature",
      "geometry": {
        "type": "Point",
        "coordinates": [
          96.626246,
          41.716807,
          1917.4
        ]
      },
      "properties": {
        "content": "1820",
        "nearest_tunnel": "回风斜井",
        "distance": 77.7,
        "category": "cad_matched"
      }
    },
    {
      "type": "Feature",
      "geometry": {
        "type": "Point",
        "coordinates": [
          96.620164,
          41.717705,
          1738.1
        ]
      },
      "properties": {
        "content": "CO、烟雾",
        "nearest_tunnel": "胶带石门",
        "distance": 19.9,
        "category": "cad_matched"
      }
    },
    {
      "type": "Feature",
      "geometry": {
        "type": "Point",
        "coordinates": [
          96.619053,
          41.717096,
          1731.6
        ]
      },
      "properties": {
        "content": "安装地点：中央胶带大巷一台皮带",
        "nearest_tunnel": "中央胶带大巷",
        "distance": 15.1,
        "category": "cad_matched"
      }
    },
    {
      "type": "Feature",
      "geometry": {
        "type": "Point",
        "coordinates": [
          96.628531,
          41.714581,
          1936.3
        ]
      },
      "properties": {
        "content": "Z=1931.6",
        "nearest_tunnel": "主斜井",
        "distance": 63.7,
        "category": "cad_matched"
      }
    },
    {
      "type": "Feature",
      "geometry": {
        "type": "Point",
        "coordinates": [
          96.625945,
          41.714496,
          1923.0
        ]
      },
      "properties": {
        "content": "烟雾报警值：有烟",
        "nearest_tunnel": "副斜井",
        "distance": 32.3,
        "category": "cad_matched"
      }
    },
    {
      "type": "Feature",
      "geometry": {
        "type": "Point",
        "coordinates": [
          96.614537,
          41.714128,
          1702.0
        ]
      },
      "properties": {
        "content": "面CH4(T1)。",
        "nearest_tunnel": "中央回风大巷",
        "distance": 23.3,
        "category": "cad_matched"
      }
    },
    {
      "type": "Feature",
      "geometry": {
        "type": "Point",
        "coordinates": [
          96.611402,
          41.712352,
          1656.7
        ]
      },
      "properties": {
        "content": "+1680",
        "nearest_tunnel": "中央回风大巷",
        "distance": 37.6,
        "category": "cad_matched"
      }
    },
    {
      "type": "Feature",
      "geometry": {
        "type": "Point",
        "coordinates": [
          96.617406,
          41.717637,
          1742.9
        ]
      },
      "properties": {
        "content": "+1710",
        "nearest_tunnel": "辅运联络巷",
        "distance": 61.4,
        "category": "cad_matched"
      }
    },
    {
      "type": "Feature",
      "geometry": {
        "type": "Point",
        "coordinates": [
          96.593571,
          41.732056,
          1692.6
        ]
      },
      "properties": {
        "content": "0.80",
        "nearest_tunnel": "1015工作面切眼",
        "distance": 52.9,
        "category": "cad_matched"
      }
    },
    {
      "type": "Feature",
      "geometry": {
        "type": "Point",
        "coordinates": [
          96.61905,
          41.718268,
          1738.3
        ]
      },
      "properties": {
        "content": "Z=+1733.306",
        "nearest_tunnel": "主斜井机尾联络巷",
        "distance": 49.5,
        "category": "cad_matched"
      }
    },
    {
      "type": "Feature",
      "geometry": {
        "type": "Point",
        "coordinates": [
          96.620814,
          41.717817,
          1750.6
        ]
      },
      "properties": {
        "content": "机头CO、烟雾。",
        "nearest_tunnel": "回风斜井",
        "distance": 31.3,
        "category": "cad_matched"
      }
    },
    {
      "type": "Feature",
      "geometry": {
        "type": "Point",
        "coordinates": [
          96.62,
          41.717988,
          1738.0
        ]
      },
      "properties": {
        "content": "+1730",
        "nearest_tunnel": "胶带石门",
        "distance": 44.5,
        "category": "cad_matched"
      }
    },
    {
      "type": "Feature",
      "geometry": {
        "type": "Point",
        "coordinates": [
          96.626486,
          41.716686,
          1925.2
        ]
      },
      "properties": {
        "content": "1830",
        "nearest_tunnel": "回风斜井",
        "distance": 91.0,
        "category": "cad_matched"
      }
    },
    {
      "type": "Feature",
      "geometry": {
        "type": "Point",
        "coordinates": [
          96.626588,
          41.71718,
          1928.4
        ]
      },
      "properties": {
        "content": "主风机开停",
        "nearest_tunnel": "回风斜井",
        "distance": 36.1,
        "category": "cad_matched"
      }
    },
    {
      "type": "Feature",
      "geometry": {
        "type": "Point",
        "coordinates": [
          96.612696,
          41.715304,
          1675.0
        ]
      },
      "properties": {
        "content": "+1660",
        "nearest_tunnel": "1105进风巷",
        "distance": 40.6,
        "category": "cad_matched"
      }
    },
    {
      "type": "Feature",
      "geometry": {
        "type": "Point",
        "coordinates": [
          96.614185,
          41.714104,
          1695.2
        ]
      },
      "properties": {
        "content": "CH4。",
        "nearest_tunnel": "中央回风大巷",
        "distance": 8.8,
        "category": "cad_matched"
      }
    },
    {
      "type": "Feature",
      "geometry": {
        "type": "Point",
        "coordinates": [
          96.610083,
          41.711254,
          1646.0
        ]
      },
      "properties": {
        "content": "1650",
        "nearest_tunnel": "中央回风大巷",
        "distance": 81.0,
        "category": "cad_matched"
      }
    },
    {
      "type": "Feature",
      "geometry": {
        "type": "Point",
        "coordinates": [
          96.616243,
          41.716572,
          1734.3
        ]
      },
      "properties": {
        "content": "1708.90",
        "nearest_tunnel": "中央辅运大巷",
        "distance": 19.6,
        "category": "cad_matched"
      }
    },
    {
      "type": "Feature",
      "geometry": {
        "type": "Point",
        "coordinates": [
          96.609686,
          41.717694,
          1675.0
        ]
      },
      "properties": {
        "content": "临时避难硐室",
        "nearest_tunnel": "1105进风巷",
        "distance": 30.3,
        "category": "cad_matched"
      }
    },
    {
      "type": "Feature",
      "geometry": {
        "type": "Point",
        "coordinates": [
          96.601337,
          41.727184,
          1695.0
        ]
      },
      "properties": {
        "content": "1730",
        "nearest_tunnel": "1105回风顺槽",
        "distance": 93.7,
        "category": "cad_matched"
      }
    },
    {
      "type": "Feature",
      "geometry": {
        "type": "Point",
        "coordinates": [
          96.625962,
          41.716927,
          1908.2
        ]
      },
      "properties": {
        "content": "1810",
        "nearest_tunnel": "回风斜井",
        "distance": 64.6,
        "category": "cad_matched"
      }
    },
    {
      "type": "Feature",
      "geometry": {
        "type": "Point",
        "coordinates": [
          96.614184,
          41.714124,
          1695.5
        ]
      },
      "properties": {
        "content": "安装地点：中央回风大巷综掘机",
        "nearest_tunnel": "中央回风大巷",
        "distance": 6.9,
        "category": "cad_matched"
      }
    },
    {
      "type": "Feature",
      "geometry": {
        "type": "Point",
        "coordinates": [
          96.627055,
          41.71715,
          1936.3
        ]
      },
      "properties": {
        "content": "回风斜井",
        "nearest_tunnel": "回风斜井",
        "distance": 43.4,
        "category": "cad_matched"
      }
    },
    {
      "type": "Feature",
      "geometry": {
        "type": "Point",
        "coordinates": [
          96.620057,
          41.717379,
          1737.7
        ]
      },
      "properties": {
        "content": "K=4800",
        "nearest_tunnel": "架空乘人器硐室",
        "distance": 11.8,
        "category": "cad_matched"
      }
    },
    {
      "type": "Feature",
      "geometry": {
        "type": "Point",
        "coordinates": [
          96.618389,
          41.716942,
          1727.1
        ]
      },
      "properties": {
        "content": "+1721.871(胶)",
        "nearest_tunnel": "中央胶带大巷",
        "distance": 2.1,
        "category": "cad_matched"
      }
    },
    {
      "type": "Feature",
      "geometry": {
        "type": "Point",
        "coordinates": [
          96.62003,
          41.717409,
          1737.7
        ]
      },
      "properties": {
        "content": "R=5000",
        "nearest_tunnel": "架空乘人器硐室",
        "distance": 7.8,
        "category": "cad_matched"
      }
    },
    {
      "type": "Feature",
      "geometry": {
        "type": "Point",
        "coordinates": [
          96.608338,
          41.711966,
          1643.9
        ]
      },
      "properties": {
        "content": "+1630",
        "nearest_tunnel": "中央胶带大巷",
        "distance": 76.7,
        "category": "cad_matched"
      }
    },
    {
      "type": "Feature",
      "geometry": {
        "type": "Point",
        "coordinates": [
          96.617811,
          41.71742,
          1742.3
        ]
      },
      "properties": {
        "content": "风筒开停报警值：无风。",
        "nearest_tunnel": "辅运联络巷",
        "distance": 22.5,
        "category": "cad_matched"
      }
    },
    {
      "type": "Feature",
      "geometry": {
        "type": "Point",
        "coordinates": [
          96.601582,
          41.72442,
          1682.4
        ]
      },
      "properties": {
        "content": "临时避难硐室",
        "nearest_tunnel": "1105胶带顺槽",
        "distance": 24.4,
        "category": "cad_matched"
      }
    },
    {
      "type": "Feature",
      "geometry": {
        "type": "Point",
        "coordinates": [
          96.59514,
          41.728548,
          1685.0
        ]
      },
      "properties": {
        "content": "1720",
        "nearest_tunnel": "1105胶带顺槽",
        "distance": 70.5,
        "category": "cad_matched"
      }
    },
    {
      "type": "Feature",
      "geometry": {
        "type": "Point",
        "coordinates": [
          96.61596,
          41.715198,
          1735.6
        ]
      },
      "properties": {
        "content": "+1730.000",
        "nearest_tunnel": "中央回风大巷",
        "distance": 7.3,
        "category": "cad_matched"
      }
    },
    {
      "type": "Feature",
      "geometry": {
        "type": "Point",
        "coordinates": [
          96.61875,
          41.717069,
          1729.8
        ]
      },
      "properties": {
        "content": "掘进迎头位置",
        "nearest_tunnel": "中央胶带大巷",
        "distance": 3.4,
        "category": "cad_matched"
      }
    },
    {
      "type": "Feature",
      "geometry": {
        "type": "Point",
        "coordinates": [
          96.623421,
          41.717321,
          1826.8
        ]
      },
      "properties": {
        "content": "回风斜井",
        "nearest_tunnel": "回风斜井",
        "distance": 22.3,
        "category": "cad_matched"
      }
    },
    {
      "type": "Feature",
      "geometry": {
        "type": "Point",
        "coordinates": [
          96.619713,
          41.717928,
          1738.1
        ]
      },
      "properties": {
        "content": "回风流CH4(T2)。",
        "nearest_tunnel": "主斜井机尾联络巷",
        "distance": 29.8,
        "category": "cad_matched"
      }
    },
    {
      "type": "Feature",
      "geometry": {
        "type": "Point",
        "coordinates": [
          96.619193,
          41.717638,
          1738.2
        ]
      },
      "properties": {
        "content": "机头CO、烟雾。",
        "nearest_tunnel": "主斜井机尾联络巷",
        "distance": 15.5,
        "category": "cad_matched"
      }
    },
    {
      "type": "Feature",
      "geometry": {
        "type": "Point",
        "coordinates": [
          96.625507,
          41.714608,
          1913.2
        ]
      },
      "properties": {
        "content": "报警值≥1.0%,断电值≥1.0%,复电",
        "nearest_tunnel": "副斜井",
        "distance": 33.5,
        "category": "cad_matched"
      }
    },
    {
      "type": "Feature",
      "geometry": {
        "type": "Point",
        "coordinates": [
          96.625011,
          41.71597,
          1845.0
        ]
      },
      "properties": {
        "content": "16°",
        "nearest_tunnel": "主斜井",
        "distance": 20.0,
        "category": "cad_matched"
      }
    },
    {
      "type": "Feature",
      "geometry": {
        "type": "Point",
        "coordinates": [
          96.61426,
          41.714179,
          1697.8
        ]
      },
      "properties": {
        "content": "CH4",
        "nearest_tunnel": "中央回风大巷",
        "distance": 5.5,
        "category": "cad_matched"
      }
    },
    {
      "type": "Feature",
      "geometry": {
        "type": "Point",
        "coordinates": [
          96.626272,
          41.717787,
          1917.9
        ]
      },
      "properties": {
        "content": "CO上报值：24ppm，上解值：",
        "nearest_tunnel": "回风斜井",
        "distance": 31.1,
        "category": "cad_matched"
      }
    },
    {
      "type": "Feature",
      "geometry": {
        "type": "Point",
        "coordinates": [
          96.626855,
          41.714962,
          1936.3
        ]
      },
      "properties": {
        "content": "主风机开停",
        "nearest_tunnel": "副斜井",
        "distance": 42.9,
        "category": "cad_matched"
      }
    },
    {
      "type": "Feature",
      "geometry": {
        "type": "Point",
        "coordinates": [
          96.611415,
          41.714264,
          1660.5
        ]
      },
      "properties": {
        "content": "五号交岔点",
        "nearest_tunnel": "中央辅运大巷",
        "distance": 36.7,
        "category": "cad_matched"
      }
    },
    {
      "type": "Feature",
      "geometry": {
        "type": "Point",
        "coordinates": [
          96.626915,
          41.717101,
          1936.3
        ]
      },
      "properties": {
        "content": "X=4620454.0",
        "nearest_tunnel": "回风斜井",
        "distance": 45.2,
        "category": "cad_matched"
      }
    },
    {
      "type": "Feature",
      "geometry": {
        "type": "Point",
        "coordinates": [
          96.612609,
          41.713929,
          1670.8
        ]
      },
      "properties": {
        "content": "7.54",
        "nearest_tunnel": "中央胶带大巷",
        "distance": 0.3,
        "category": "cad_matched"
      }
    },
    {
      "type": "Feature",
      "geometry": {
        "type": "Point",
        "coordinates": [
          96.618444,
          41.717316,
          1741.0
        ]
      },
      "properties": {
        "content": "面风筒传感器。",
        "nearest_tunnel": "辅运联络巷",
        "distance": 16.9,
        "category": "cad_matched"
      }
    },
    {
      "type": "Feature",
      "geometry": {
        "type": "Point",
        "coordinates": [
          96.613226,
          41.714879,
          1676.5
        ]
      },
      "properties": {
        "content": "+1671.011",
        "nearest_tunnel": "中央辅运大巷",
        "distance": 7.4,
        "category": "cad_matched"
      }
    },
    {
      "type": "Feature",
      "geometry": {
        "type": "Point",
        "coordinates": [
          96.626278,
          41.717294,
          1918.3
        ]
      },
      "properties": {
        "content": "值＜1.0%.",
        "nearest_tunnel": "回风斜井",
        "distance": 23.6,
        "category": "cad_matched"
      }
    },
    {
      "type": "Feature",
      "geometry": {
        "type": "Point",
        "coordinates": [
          96.613633,
          41.715261,
          1686.1
        ]
      },
      "properties": {
        "content": "+1680",
        "nearest_tunnel": "中央辅运大巷",
        "distance": 23.1,
        "category": "cad_matched"
      }
    },
    {
      "type": "Feature",
      "geometry": {
        "type": "Point",
        "coordinates": [
          96.617573,
          41.717104,
          1743.3
        ]
      },
      "properties": {
        "content": "+1738.282",
        "nearest_tunnel": "中央辅运大巷",
        "distance": 4.8,
        "category": "cad_matched"
      }
    },
    {
      "type": "Feature",
      "geometry": {
        "type": "Point",
        "coordinates": [
          96.618117,
          41.717159,
          1742.2
        ]
      },
      "properties": {
        "content": "CH4。",
        "nearest_tunnel": "辅运联络巷",
        "distance": 15.8,
        "category": "cad_matched"
      }
    },
    {
      "type": "Feature",
      "geometry": {
        "type": "Point",
        "coordinates": [
          96.621076,
          41.717699,
          1758.2
        ]
      },
      "properties": {
        "content": "+1730",
        "nearest_tunnel": "回风斜井",
        "distance": 18.3,
        "category": "cad_matched"
      }
    },
    {
      "type": "Feature",
      "geometry": {
        "type": "Point",
        "coordinates": [
          96.619053,
          41.717074,
          1731.5
        ]
      },
      "properties": {
        "content": "机头CO、烟雾。",
        "nearest_tunnel": "中央胶带大巷",
        "distance": 17.2,
        "category": "cad_matched"
      }
    },
    {
      "type": "Feature",
      "geometry": {
        "type": "Point",
        "coordinates": [
          96.611912,
          41.716799,
          1690.0
        ]
      },
      "properties": {
        "content": "1639.12",
        "nearest_tunnel": "1105回风巷",
        "distance": 17.5,
        "category": "cad_matched"
      }
    },
    {
      "type": "Feature",
      "geometry": {
        "type": "Point",
        "coordinates": [
          96.606436,
          41.718665,
          1675.0
        ]
      },
      "properties": {
        "content": "1106工作面",
        "nearest_tunnel": "1105进风巷",
        "distance": 99.7,
        "category": "cad_matched"
      }
    },
    {
      "type": "Feature",
      "geometry": {
        "type": "Point",
        "coordinates": [
          96.626689,
          41.714739,
          1935.2
        ]
      },
      "properties": {
        "content": "CO、烟雾",
        "nearest_tunnel": "副斜井",
        "distance": 14.9,
        "category": "cad_matched"
      }
    },
    {
      "type": "Feature",
      "geometry": {
        "type": "Point",
        "coordinates": [
          96.617233,
          41.717184,
          1743.2
        ]
      },
      "properties": {
        "content": "综掘机CH4。",
        "nearest_tunnel": "中央辅运大巷",
        "distance": 28.5,
        "category": "cad_matched"
      }
    },
    {
      "type": "Feature",
      "geometry": {
        "type": "Point",
        "coordinates": [
          96.625946,
          41.714582,
          1922.1
        ]
      },
      "properties": {
        "content": "安装地点：副斜井井口皮带机头",
        "nearest_tunnel": "副斜井",
        "distance": 23.2,
        "category": "cad_matched"
      }
    },
    {
      "type": "Feature",
      "geometry": {
        "type": "Point",
        "coordinates": [
          96.627487,
          41.714551,
          1937.3
        ]
      },
      "properties": {
        "content": "Y=32552155.5",
        "nearest_tunnel": "副斜井",
        "distance": 64.0,
        "category": "cad_matched"
      }
    },
    {
      "type": "Feature",
      "geometry": {
        "type": "Point",
        "coordinates": [
          96.628377,
          41.71611,
          1919.2
        ]
      },
      "properties": {
        "content": "无煤区Ⅰ",
        "nearest_tunnel": "主斜井",
        "distance": 92.1,
        "category": "cad_matched"
      }
    },
    {
      "type": "Feature",
      "geometry": {
        "type": "Point",
        "coordinates": [
          96.620052,
          41.717927,
          1738.1
        ]
      },
      "properties": {
        "content": "CO、烟雾。",
        "nearest_tunnel": "胶带石门",
        "distance": 39.6,
        "category": "cad_matched"
      }
    },
    {
      "type": "Feature",
      "geometry": {
        "type": "Point",
        "coordinates": [
          96.599789,
          41.727568,
          1695.0
        ]
      },
      "properties": {
        "content": "1105回风顺槽",
        "nearest_tunnel": "1105回风顺槽",
        "distance": 26.0,
        "category": "cad_matched"
      }
    },
    {
      "type": "Feature",
      "geometry": {
        "type": "Point",
        "coordinates": [
          96.606655,
          41.719324,
          1675.0
        ]
      },
      "properties": {
        "content": "加1004",
        "nearest_tunnel": "1105进风巷",
        "distance": 37.3,
        "category": "cad_matched"
      }
    },
    {
      "type": "Feature",
      "geometry": {
        "type": "Point",
        "coordinates": [
          96.610798,
          41.718493,
          1690.0
        ]
      },
      "properties": {
        "content": "临时避难硐室",
        "nearest_tunnel": "1105回风巷",
        "distance": 38.5,
        "category": "cad_matched"
      }
    },
    {
      "type": "Feature",
      "geometry": {
        "type": "Point",
        "coordinates": [
          96.617503,
          41.717323,
          1743.3
        ]
      },
      "properties": {
        "content": "CH4(T1)。",
        "nearest_tunnel": "辅运联络巷",
        "distance": 28.2,
        "category": "cad_matched"
      }
    },
    {
      "type": "Feature",
      "geometry": {
        "type": "Point",
        "coordinates": [
          96.612893,
          41.715027,
          1675.0
        ]
      },
      "properties": {
        "content": "六号交岔点",
        "nearest_tunnel": "1105进风巷",
        "distance": 32.8,
        "category": "cad_matched"
      }
    },
    {
      "type": "Feature",
      "geometry": {
        "type": "Point",
        "coordinates": [
          96.626715,
          41.714948,
          1933.6
        ]
      },
      "properties": {
        "content": "二号交岔点",
        "nearest_tunnel": "副斜井",
        "distance": 37.4,
        "category": "cad_matched"
      }
    },
    {
      "type": "Feature",
      "geometry": {
        "type": "Point",
        "coordinates": [
          96.620814,
          41.717775,
          1750.6
        ]
      },
      "properties": {
        "content": "23ppm。",
        "nearest_tunnel": "回风斜井",
        "distance": 26.6,
        "category": "cad_matched"
      }
    },
    {
      "type": "Feature",
      "geometry": {
        "type": "Point",
        "coordinates": [
          96.619053,
          41.717009,
          1731.2
        ]
      },
      "properties": {
        "content": "烟雾报警值：有烟",
        "nearest_tunnel": "中央胶带大巷",
        "distance": 23.1,
        "category": "cad_matched"
      }
    },
    {
      "type": "Feature",
      "geometry": {
        "type": "Point",
        "coordinates": [
          96.595522,
          41.728782,
          1685.0
        ]
      },
      "properties": {
        "content": "1710",
        "nearest_tunnel": "1105胶带顺槽",
        "distance": 29.5,
        "category": "cad_matched"
      }
    },
    {
      "type": "Feature",
      "geometry": {
        "type": "Point",
        "coordinates": [
          96.60928,
          41.720393,
          1690.0
        ]
      },
      "properties": {
        "content": "1103工作面",
        "nearest_tunnel": "1105回风巷",
        "distance": 84.8,
        "category": "cad_matched"
      }
    },
    {
      "type": "Feature",
      "geometry": {
        "type": "Point",
        "coordinates": [
          96.61894,
          41.718399,
          1738.3
        ]
      },
      "properties": {
        "content": "轨道延长线交点",
        "nearest_tunnel": "主斜井机尾联络巷",
        "distance": 64.9,
        "category": "cad_matched"
      }
    },
    {
      "type": "Feature",
      "geometry": {
        "type": "Point",
        "coordinates": [
          96.618701,
          41.716944,
          1728.9
        ]
      },
      "properties": {
        "content": "CH4（T1)",
        "nearest_tunnel": "中央胶带大巷",
        "distance": 12.5,
        "category": "cad_matched"
      }
    },
    {
      "type": "Feature",
      "geometry": {
        "type": "Point",
        "coordinates": [
          96.61877,
          41.717722,
          1739.3
        ]
      },
      "properties": {
        "content": "+1733.143",
        "nearest_tunnel": "辅运联络巷",
        "distance": 4.8,
        "category": "cad_matched"
      }
    },
    {
      "type": "Feature",
      "geometry": {
        "type": "Point",
        "coordinates": [
          96.628678,
          41.71468,
          1936.3
        ]
      },
      "properties": {
        "content": "X=4620193.5",
        "nearest_tunnel": "主斜井",
        "distance": 52.0,
        "category": "cad_matched"
      }
    },
    {
      "type": "Feature",
      "geometry": {
        "type": "Point",
        "coordinates": [
          96.616431,
          41.714881,
          1736.0
        ]
      },
      "properties": {
        "content": "中央回风大巷",
        "nearest_tunnel": "中央回风大巷",
        "distance": 43.9,
        "category": "cad_matched"
      }
    },
    {
      "type": "Feature",
      "geometry": {
        "type": "Point",
        "coordinates": [
          96.615722,
          41.714262,
          1723.0
        ]
      },
      "properties": {
        "content": "1730",
        "nearest_tunnel": "中央回风大巷",
        "distance": 66.9,
        "category": "cad_matched"
      }
    },
    {
      "type": "Feature",
      "geometry": {
        "type": "Point",
        "coordinates": [
          96.629099,
          41.715682,
          1936.3
        ]
      },
      "properties": {
        "content": "主风机开停",
        "nearest_tunnel": "主斜井",
        "distance": 69.9,
        "category": "cad_matched"
      }
    },
    {
      "type": "Feature",
      "geometry": {
        "type": "Point",
        "coordinates": [
          96.615453,
          41.716408,
          1726.1
        ]
      },
      "properties": {
        "content": "+1710",
        "nearest_tunnel": "中央辅运大巷",
        "distance": 42.0,
        "category": "cad_matched"
      }
    },
    {
      "type": "Feature",
      "geometry": {
        "type": "Point",
        "coordinates": [
          96.615626,
          41.714608,
          1726.0
        ]
      },
      "properties": {
        "content": "躲避硐（6处）",
        "nearest_tunnel": "中央回风大巷",
        "distance": 30.8,
        "category": "cad_matched"
      }
    },
    {
      "type": "Feature",
      "geometry": {
        "type": "Point",
        "coordinates": [
          96.617221,
          41.716922,
          1743.1
        ]
      },
      "properties": {
        "content": "+1738.149",
        "nearest_tunnel": "中央辅运大巷",
        "distance": 5.2,
        "category": "cad_matched"
      }
    },
    {
      "type": "Feature",
      "geometry": {
        "type": "Point",
        "coordinates": [
          96.615448,
          41.715053,
          1719.8
        ]
      },
      "properties": {
        "content": "+1720",
        "nearest_tunnel": "一采区变电所",
        "distance": 17.1,
        "category": "cad_matched"
      }
    },
    {
      "type": "Feature",
      "geometry": {
        "type": "Point",
        "coordinates": [
          96.620853,
          41.716892,
          1746.4
        ]
      },
      "properties": {
        "content": "6.01",
        "nearest_tunnel": "主斜井",
        "distance": 44.9,
        "category": "cad_matched"
      }
    },
    {
      "type": "Feature",
      "geometry": {
        "type": "Point",
        "coordinates": [
          96.617719,
          41.717003,
          1743.3
        ]
      },
      "properties": {
        "content": "CH4（T1)",
        "nearest_tunnel": "中央辅运大巷",
        "distance": 11.3,
        "category": "cad_matched"
      }
    },
    {
      "type": "Feature",
      "geometry": {
        "type": "Point",
        "coordinates": [
          96.622432,
          41.718424,
          1797.7
        ]
      },
      "properties": {
        "content": "1740",
        "nearest_tunnel": "回风斜井",
        "distance": 99.6,
        "category": "cad_matched"
      }
    },
    {
      "type": "Feature",
      "geometry": {
        "type": "Point",
        "coordinates": [
          96.617961,
          41.716965,
          1726.8
        ]
      },
      "properties": {
        "content": "风筒",
        "nearest_tunnel": "中央胶带大巷",
        "distance": 24.4,
        "category": "cad_matched"
      }
    },
    {
      "type": "Feature",
      "geometry": {
        "type": "Point",
        "coordinates": [
          96.620156,
          41.717104,
          1737.4
        ]
      },
      "properties": {
        "content": "安装地点：中央胶带大巷掘进工作",
        "nearest_tunnel": "架空乘人器硐室",
        "should_be": "中央胶带大巷",
        "distance": 41.6,
        "category": "cad_anomaly"
      }
    },
    {
      "type": "Feature",
      "geometry": {
        "type": "Point",
        "coordinates": [
          96.608011,
          41.719424,
          1675.0
        ]
      },
      "properties": {
        "content": "1105工作面",
        "nearest_tunnel": "1105进风巷",
        "should_be": "1105工作面",
        "distance": 54.3,
        "category": "cad_anomaly"
      }
    },
    {
      "type": "Feature",
      "geometry": {
        "type": "Point",
        "coordinates": [
          96.620149,
          41.718431,
          1738.0
        ]
      },
      "properties": {
        "content": "胶带石门",
        "nearest_tunnel": "主斜井机尾联络巷",
        "should_be": "胶带石门",
        "distance": 94.9,
        "category": "cad_anomaly"
      }
    },
    {
      "type": "Feature",
      "geometry": {
        "type": "Point",
        "coordinates": [
          96.614312,
          41.716438,
          1716.0
        ]
      },
      "properties": {
        "content": "一采区变电所",
        "nearest_tunnel": "中央辅运大巷",
        "should_be": "一采区变电所",
        "distance": 98.6,
        "category": "cad_anomaly"
      }
    },
    {
      "type": "Feature",
      "geometry": {
        "type": "Point",
        "coordinates": [
          96.618047,
          41.71835,
          1739.6
        ]
      },
      "properties": {
        "content": "(兼机头硐室配电点)",
        "nearest_tunnel": "辅运联络巷",
        "should_be": "机头硐室",
        "distance": 96.4,
        "category": "cad_anomaly"
      }
    },
    {
      "type": "Feature",
      "geometry": {
        "type": "Point",
        "coordinates": [
          96.619077,
          41.718209,
          1738.3
        ]
      },
      "properties": {
        "content": "主斜井机尾联络巷",
        "nearest_tunnel": "主斜井机尾联络巷",
        "should_be": "主斜井",
        "distance": 42.9,
        "category": "cad_anomaly"
      }
    },
    {
      "type": "Feature",
      "geometry": {
        "type": "Point",
        "coordinates": [
          96.616622,
          41.715023,
          1736.8
        ]
      },
      "properties": {
        "content": "中央胶带大巷",
        "nearest_tunnel": "中央回风大巷",
        "should_be": "中央胶带大巷",
        "distance": 39.9,
        "category": "cad_anomaly"
      }
    },
    {
      "type": "Feature",
      "geometry": {
        "type": "Point",
        "coordinates": [
          96.618861,
          41.717635,
          1739.2
        ]
      },
      "properties": {
        "content": "胶带大巷架空乘人器硐室交岔点",
        "nearest_tunnel": "辅运联络巷",
        "should_be": "架空乘人器硐室",
        "distance": 7.5,
        "category": "cad_anomaly"
      }
    },
    {
      "type": "Feature",
      "geometry": {
        "type": "Point",
        "coordinates": [
          96.619715,
          41.71795,
          1738.1
        ]
      },
      "properties": {
        "content": "安装地点：辅运联络巷维修工作面",
        "nearest_tunnel": "主斜井机尾联络巷",
        "should_be": "辅运联络巷",
        "distance": 32.2,
        "category": "cad_anomaly"
      }
    },
    {
      "type": "Feature",
      "geometry": {
        "type": "Point",
        "coordinates": [
          96.628599,
          41.715499,
          1931.1
        ]
      },
      "properties": {
        "content": "辅运联络巷维修工作面",
        "nearest_tunnel": "主斜井",
        "should_be": "辅运联络巷",
        "distance": 35.0,
        "category": "cad_anomaly"
      }
    },
    {
      "type": "Feature",
      "geometry": {
        "type": "Point",
        "coordinates": [
          96.61927,
          41.718102,
          1738.3
        ]
      },
      "properties": {
        "content": "安装地点：辅运联络巷皮带机头",
        "nearest_tunnel": "主斜井机尾联络巷",
        "should_be": "辅运联络巷",
        "distance": 35.1,
        "category": "cad_anomaly"
      }
    },
    {
      "type": "Feature",
      "geometry": {
        "type": "Point",
        "coordinates": [
          96.626432,
          41.717169,
          1923.3
        ]
      },
      "properties": {
        "content": "中央回风大巷掘面",
        "nearest_tunnel": "回风斜井",
        "should_be": "中央回风大巷",
        "distance": 37.4,
        "category": "cad_anomaly"
      }
    },
    {
      "type": "Feature",
      "geometry": {
        "type": "Point",
        "coordinates": [
          96.620814,
          41.71784,
          1750.6
        ]
      },
      "properties": {
        "content": "安装地点：中央回风大巷二台皮带",
        "nearest_tunnel": "回风斜井",
        "should_be": "中央回风大巷",
        "distance": 33.7,
        "category": "cad_anomaly"
      }
    },
    {
      "type": "Feature",
      "geometry": {
        "type": "Point",
        "coordinates": [
          96.609294,
          41.714466,
          1628.0
        ]
      },
      "properties": {
        "content": "主排水泵房",
        "nearest_tunnel": "主水仓",
        "should_be": "主排水泵房",
        "distance": 57.2,
        "category": "cad_anomaly"
      }
    },
    {
      "type": "Feature",
      "geometry": {
        "type": "Point",
        "coordinates": [
          96.618855,
          41.716954,
          1748.8
        ]
      },
      "properties": {
        "content": "安装地点：中央胶带大巷掘进工作",
        "nearest_tunnel": "副斜井",
        "should_be": "中央胶带大巷",
        "distance": 18.3,
        "category": "cad_anomaly"
      }
    },
    {
      "type": "Feature",
      "geometry": {
        "type": "Point",
        "coordinates": [
          96.618427,
          41.717334,
          1741.0
        ]
      },
      "properties": {
        "content": "安装地点：中央胶带大巷掘进工作",
        "nearest_tunnel": "辅运联络巷",
        "should_be": "中央胶带大巷",
        "distance": 14.5,
        "category": "cad_anomaly"
      }
    },
    {
      "type": "Feature",
      "geometry": {
        "type": "Point",
        "coordinates": [
          96.620423,
          41.717852,
          1745.6
        ]
      },
      "properties": {
        "content": "胶带石门",
        "nearest_tunnel": "回风斜井",
        "should_be": "胶带石门",
        "distance": 39.4,
        "category": "cad_anomaly"
      }
    },
    {
      "type": "Feature",
      "geometry": {
        "type": "Point",
        "coordinates": [
          96.619193,
          41.71766,
          1738.2
        ]
      },
      "properties": {
        "content": "安装地点：中央胶带大巷二台皮带",
        "nearest_tunnel": "主斜井机尾联络巷",
        "should_be": "中央胶带大巷",
        "distance": 13.2,
        "category": "cad_anomaly"
      }
    },
    {
      "type": "Feature",
      "geometry": {
        "type": "Point",
        "coordinates": [
          96.616846,
          41.715157,
          1737.7
        ]
      },
      "properties": {
        "content": "中央辅运大巷",
        "nearest_tunnel": "中央回风大巷",
        "should_be": "中央辅运大巷",
        "distance": 38.3,
        "category": "cad_anomaly"
      }
    },
    {
      "type": "Feature",
      "geometry": {
        "type": "Point",
        "coordinates": [
          96.618416,
          41.716113,
          1741.6
        ]
      },
      "properties": {
        "content": "回风斜井落底点",
        "nearest_tunnel": "中央回风大巷",
        "should_be": "回风斜井",
        "distance": 25.0,
        "category": "cad_anomaly"
      }
    },
    {
      "type": "Feature",
      "geometry": {
        "type": "Point",
        "coordinates": [
          96.615604,
          41.714783,
          1728.0
        ]
      },
      "properties": {
        "content": "单轨吊充电硐室",
        "nearest_tunnel": "中央回风大巷",
        "should_be": "单轨吊充电硐室",
        "distance": 13.8,
        "category": "cad_anomaly"
      }
    },
    {
      "type": "Feature",
      "geometry": {
        "type": "Point",
        "coordinates": [
          96.618102,
          41.717176,
          1742.2
        ]
      },
      "properties": {
        "content": "安装地点：中央胶带大巷巷综掘机",
        "nearest_tunnel": "辅运联络巷",
        "should_be": "中央胶带大巷",
        "distance": 13.6,
        "category": "cad_anomaly"
      }
    },
    {
      "type": "Feature",
      "geometry": {
        "type": "Point",
        "coordinates": [
          96.627748,
          41.714608,
          1921.8
        ]
      },
      "properties": {
        "content": "副斜井",
        "nearest_tunnel": "主斜井",
        "should_be": "副斜井",
        "distance": 82.5,
        "category": "cad_anomaly"
      }
    },
    {
      "type": "Feature",
      "geometry": {
        "type": "Point",
        "coordinates": [
          96.60949,
          41.714612,
          1628.0
        ]
      },
      "properties": {
        "content": "主排水泵房变电所",
        "nearest_tunnel": "主水仓",
        "should_be": "主排水泵房变电所",
        "distance": 73.2,
        "category": "cad_anomaly"
      }
    },
    {
      "type": "Feature",
      "geometry": {
        "type": "Point",
        "coordinates": [
          96.628941,
          41.71567,
          1936.3
        ]
      },
      "properties": {
        "content": "中央胶带大巷掘进工作面",
        "nearest_tunnel": "主斜井",
        "should_be": "中央胶带大巷",
        "distance": 62.7,
        "category": "cad_anomaly"
      }
    },
    {
      "type": "Feature",
      "geometry": {
        "type": "Point",
        "coordinates": [
          96.611118,
          41.714698,
          1661.7
        ]
      },
      "properties": {
        "content": "永久避难硐室",
        "nearest_tunnel": "中央辅运大巷",
        "should_be": "永久避难硐室",
        "distance": 90.4,
        "category": "cad_anomaly"
      }
    },
    {
      "type": "Feature",
      "geometry": {
        "type": "Point",
        "coordinates": [
          96.611679,
          41.712539,
          1659.2
        ]
      },
      "properties": {
        "content": "管子道",
        "nearest_tunnel": "中央回风大巷",
        "should_be": "管子道",
        "distance": 33.5,
        "category": "cad_anomaly"
      }
    },
    {
      "type": "Feature",
      "geometry": {
        "type": "Point",
        "coordinates": [
          96.620217,
          41.717131,
          1739.1
        ]
      },
      "properties": {
        "content": "主斜井落底点",
        "nearest_tunnel": "胶带石门",
        "should_be": "主斜井",
        "distance": 38.4,
        "category": "cad_anomaly"
      }
    },
    {
      "type": "Feature",
      "geometry": {
        "type": "Point",
        "coordinates": [
          96.609358,
          41.711921,
          1643.9
        ]
      },
      "properties": {
        "content": "大巷联络巷",
        "nearest_tunnel": "中央胶带大巷",
        "should_be": "大巷联络巷",
        "distance": 31.0,
        "category": "cad_anomaly"
      }
    },
    {
      "type": "Feature",
      "geometry": {
        "type": "Point",
        "coordinates": [
          96.620053,
          41.717934,
          1738.1
        ]
      },
      "properties": {
        "content": "主斜井架空乘人器硐室交岔点",
        "nearest_tunnel": "胶带石门",
        "should_be": "架空乘人器硐室",
        "distance": 40.4,
        "category": "cad_anomaly"
      }
    },
    {
      "type": "Feature",
      "geometry": {
        "type": "Point",
        "coordinates": [
          96.602669,
          41.713636,
          1628.0
        ]
      },
      "properties": {
        "content": "无煤区Ⅱ",
        "nearest_tunnel": "主水仓",
        "distance": 480.6,
        "category": "cad_planning"
      }
    },
    {
      "type": "Feature",
      "geometry": {
        "type": "Point",
        "coordinates": [
          96.620474,
          41.72621,
          1738.3
        ]
      },
      "properties": {
        "content": "加1102",
        "nearest_tunnel": "主斜井机尾联络巷",
        "distance": 939.0,
        "category": "cad_planning"
      }
    },
    {
      "type": "Feature",
      "geometry": {
        "type": "Point",
        "coordinates": [
          96.604846,
          41.710407,
          1643.9
        ]
      },
      "properties": {
        "content": "设计辅运巷终点",
        "nearest_tunnel": "中央胶带大巷",
        "distance": 413.4,
        "category": "cad_planning"
      }
    },
    {
      "type": "Feature",
      "geometry": {
        "type": "Point",
        "coordinates": [
          96.613566,
          41.718879,
          1715.0
        ]
      },
      "properties": {
        "content": "顺槽综掘",
        "nearest_tunnel": "机头硐室",
        "distance": 177.3,
        "category": "cad_planning"
      }
    },
    {
      "type": "Feature",
      "geometry": {
        "type": "Point",
        "coordinates": [
          96.618386,
          41.718604,
          1738.3
        ]
      },
      "properties": {
        "content": "中央胶带机头硐室",
        "nearest_tunnel": "主斜井机尾联络巷",
        "distance": 103.6,
        "category": "cad_planning"
      }
    },
    {
      "type": "Feature",
      "geometry": {
        "type": "Point",
        "coordinates": [
          96.607685,
          41.712245,
          1631.0
        ]
      },
      "properties": {
        "content": "大巷综掘",
        "nearest_tunnel": "主水仓",
        "distance": 122.4,
        "category": "cad_planning"
      }
    },
    {
      "type": "Feature",
      "geometry": {
        "type": "Point",
        "coordinates": [
          96.624866,
          41.719991,
          1871.8
        ]
      },
      "properties": {
        "content": "加1001",
        "nearest_tunnel": "回风斜井",
        "distance": 275.1,
        "category": "cad_planning"
      }
    },
    {
      "type": "Feature",
      "geometry": {
        "type": "Point",
        "coordinates": [
          96.605865,
          41.70979,
          1643.9
        ]
      },
      "properties": {
        "content": "设计回风巷终点",
        "nearest_tunnel": "中央胶带大巷",
        "distance": 384.8,
        "category": "cad_planning"
      }
    },
    {
      "type": "Feature",
      "geometry": {
        "type": "Point",
        "coordinates": [
          96.617993,
          41.71304,
          1735.7
        ]
      },
      "properties": {
        "content": "H=20m",
        "nearest_tunnel": "中央回风大巷",
        "distance": 286.1,
        "category": "cad_planning"
      }
    },
    {
      "type": "Feature",
      "geometry": {
        "type": "Point",
        "coordinates": [
          96.623727,
          41.718486,
          1835.5
        ]
      },
      "properties": {
        "content": "X1003",
        "nearest_tunnel": "回风斜井",
        "distance": 107.3,
        "category": "cad_planning"
      }
    },
    {
      "type": "Feature",
      "geometry": {
        "type": "Point",
        "coordinates": [
          96.612369,
          41.718261,
          1690.0
        ]
      },
      "properties": {
        "content": "顺槽综掘",
        "nearest_tunnel": "1105回风巷",
        "distance": 118.9,
        "category": "cad_planning"
      }
    },
    {
      "type": "Feature",
      "geometry": {
        "type": "Point",
        "coordinates": [
          96.593307,
          41.713189,
          1628.0
        ]
      },
      "properties": {
        "content": "二采区",
        "nearest_tunnel": "主水仓",
        "distance": 1259.0,
        "category": "cad_planning"
      }
    },
    {
      "type": "Feature",
      "geometry": {
        "type": "Point",
        "coordinates": [
          96.626017,
          41.71859,
          1909.5
        ]
      },
      "properties": {
        "content": "X1002",
        "nearest_tunnel": "回风斜井",
        "distance": 120.2,
        "category": "cad_planning"
      }
    },
    {
      "type": "Feature",
      "geometry": {
        "type": "Point",
        "coordinates": [
          96.612718,
          41.719824,
          1690.0
        ]
      },
      "properties": {
        "content": "加1003",
        "nearest_tunnel": "1105回风巷",
        "distance": 256.2,
        "category": "cad_planning"
      }
    },
    {
      "type": "Feature",
      "geometry": {
        "type": "Point",
        "coordinates": [
          96.614762,
          41.725975,
          1690.7
        ]
      },
      "properties": {
        "content": "加1103",
        "nearest_tunnel": "1105回风顺槽",
        "distance": 838.0,
        "category": "cad_planning"
      }
    },
    {
      "type": "Feature",
      "geometry": {
        "type": "Point",
        "coordinates": [
          96.621628,
          41.720135,
          1773.7
        ]
      },
      "properties": {
        "content": "红沙梁露天矿",
        "nearest_tunnel": "回风斜井",
        "distance": 289.2,
        "category": "cad_planning"
      }
    },
    {
      "type": "Feature",
      "geometry": {
        "type": "Point",
        "coordinates": [
          96.615749,
          41.727095,
          1690.9
        ]
      },
      "properties": {
        "content": "红沙梁露天矿设计坑底界",
        "nearest_tunnel": "1105回风顺槽",
        "distance": 982.1,
        "category": "cad_planning"
      }
    },
    {
      "type": "Feature",
      "geometry": {
        "type": "Point",
        "coordinates": [
          96.624613,
          41.713921,
          1902.4
        ]
      },
      "properties": {
        "content": "加901",
        "nearest_tunnel": "副斜井",
        "distance": 131.2,
        "category": "cad_planning"
      }
    },
    {
      "type": "Feature",
      "geometry": {
        "type": "Point",
        "coordinates": [
          96.604486,
          41.714804,
          1628.0
        ]
      },
      "properties": {
        "content": "无煤区Ⅱ",
        "nearest_tunnel": "主水仓",
        "distance": 362.2,
        "category": "cad_planning"
      }
    },
    {
      "type": "Feature",
      "geometry": {
        "type": "Point",
        "coordinates": [
          96.607764,
          41.712036,
          1643.9
        ]
      },
      "properties": {
        "content": "工作面",
        "nearest_tunnel": "中央胶带大巷",
        "distance": 121.8,
        "category": "cad_planning"
      }
    },
    {
      "type": "Feature",
      "geometry": {
        "type": "Point",
        "coordinates": [
          96.592293,
          41.725317,
          1684.9
        ]
      },
      "properties": {
        "content": "无煤区Ⅳ",
        "nearest_tunnel": "1105胶带顺槽",
        "distance": 486.3,
        "category": "cad_planning"
      }
    },
    {
      "type": "Feature",
      "geometry": {
        "type": "Point",
        "coordinates": [
          96.617784,
          41.714424,
          1738.3
        ]
      },
      "properties": {
        "content": "1.煤、岩巷掘进工作面：CH4传感器T1报警值≥1.0%,断电值≥1.5%,复电值＜1.0%;",
        "nearest_tunnel": "中央回风大巷",
        "distance": 149.6,
        "category": "cad_planning"
      }
    },
    {
      "type": "Feature",
      "geometry": {
        "type": "Point",
        "coordinates": [
          96.612143,
          41.722189,
          1690.0
        ]
      },
      "properties": {
        "content": "1101工作面",
        "nearest_tunnel": "1105回风巷",
        "distance": 395.4,
        "category": "cad_planning"
      }
    },
    {
      "type": "Feature",
      "geometry": {
        "type": "Point",
        "coordinates": [
          96.622896,
          41.713109,
          1876.4
        ]
      },
      "properties": {
        "content": "行政生活区",
        "nearest_tunnel": "副斜井",
        "distance": 265.3,
        "category": "cad_planning"
      }
    },
    {
      "type": "Feature",
      "geometry": {
        "type": "Point",
        "coordinates": [
          96.617639,
          41.714522,
          1738.2
        ]
      },
      "properties": {
        "content": "说明：",
        "nearest_tunnel": "中央回风大巷",
        "distance": 133.8,
        "category": "cad_planning"
      }
    },
    {
      "type": "Feature",
      "geometry": {
        "type": "Point",
        "coordinates": [
          96.627136,
          41.71366,
          1937.3
        ]
      },
      "properties": {
        "content": "矿井工业场地",
        "nearest_tunnel": "副斜井",
        "distance": 108.7,
        "category": "cad_planning"
      }
    },
    {
      "type": "Feature",
      "geometry": {
        "type": "Point",
        "coordinates": [
          96.617825,
          41.718286,
          1740.3
        ]
      },
      "properties": {
        "content": "井下消防材料库(通过式)",
        "nearest_tunnel": "辅运联络巷",
        "distance": 101.0,
        "category": "cad_planning"
      }
    },
    {
      "type": "Feature",
      "geometry": {
        "type": "Point",
        "coordinates": [
          96.608799,
          41.725833,
          1692.5
        ]
      },
      "properties": {
        "content": "加1104",
        "nearest_tunnel": "1105回风顺槽",
        "distance": 457.2,
        "category": "cad_planning"
      }
    },
    {
      "type": "Feature",
      "geometry": {
        "type": "Point",
        "coordinates": [
          96.613645,
          41.71867,
          1715.0
        ]
      },
      "properties": {
        "content": "工作面",
        "nearest_tunnel": "机头硐室",
        "distance": 161.5,
        "category": "cad_planning"
      }
    },
    {
      "type": "Feature",
      "geometry": {
        "type": "Point",
        "coordinates": [
          96.605553,
          41.729717,
          1695.0
        ]
      },
      "properties": {
        "content": "无煤区Ⅶ",
        "nearest_tunnel": "1105回风顺槽",
        "distance": 542.8,
        "category": "cad_planning"
      }
    },
    {
      "type": "Feature",
      "geometry": {
        "type": "Point",
        "coordinates": [
          96.626212,
          41.726665,
          1913.3
        ]
      },
      "properties": {
        "content": "加1101",
        "nearest_tunnel": "回风斜井",
        "distance": 1017.2,
        "category": "cad_planning"
      }
    },
    {
      "type": "Feature",
      "geometry": {
        "type": "Point",
        "coordinates": [
          96.587906,
          41.724851,
          1685.0
        ]
      },
      "properties": {
        "content": "无煤区Ⅳ",
        "nearest_tunnel": "1105胶带顺槽",
        "distance": 793.1,
        "category": "cad_planning"
      }
    },
    {
      "type": "Feature",
      "geometry": {
        "type": "Point",
        "coordinates": [
          96.602109,
          41.719056,
          1677.2
        ]
      },
      "properties": {
        "content": "H=25mA",
        "nearest_tunnel": "1105胶带顺槽",
        "distance": 339.5,
        "category": "cad_planning"
      }
    },
    {
      "type": "Feature",
      "geometry": {
        "type": "Point",
        "coordinates": [
          96.612448,
          41.718052,
          1690.0
        ]
      },
      "properties": {
        "content": "工作面",
        "nearest_tunnel": "1105回风巷",
        "distance": 108.4,
        "category": "cad_planning"
      }
    },
    {
      "type": "Feature",
      "geometry": {
        "type": "Point",
        "coordinates": [
          96.618003,
          41.713753,
          1737.3
        ]
      },
      "properties": {
        "content": "加902",
        "nearest_tunnel": "中央回风大巷",
        "distance": 221.3,
        "category": "cad_planning"
      }
    },
    {
      "type": "Feature",
      "geometry": {
        "type": "Point",
        "coordinates": [
          96.629457,
          41.718838,
          1936.3
        ]
      },
      "properties": {
        "content": "X1001",
        "nearest_tunnel": "回风斜井",
        "distance": 263.7,
        "category": "cad_planning"
      }
    },
    {
      "type": "Feature",
      "geometry": {
        "type": "Point",
        "coordinates": [
          96.61076,
          41.721197,
          1690.0
        ]
      },
      "properties": {
        "content": "1102工作面",
        "nearest_tunnel": "1105回风巷",
        "distance": 236.2,
        "category": "cad_planning"
      }
    },
    {
      "type": "Feature",
      "geometry": {
        "type": "Point",
        "coordinates": [
          96.621986,
          41.709539,
          1892.6
        ]
      },
      "properties": {
        "content": "行政生活区",
        "nearest_tunnel": "副斜井",
        "distance": 663.7,
        "category": "cad_planning"
      }
    },
    {
      "type": "Feature",
      "geometry": {
        "type": "Point",
        "coordinates": [
          96.605459,
          41.710126,
          1643.9
        ]
      },
      "properties": {
        "content": "设计胶带巷终点",
        "nearest_tunnel": "中央胶带大巷",
        "distance": 386.9,
        "category": "cad_planning"
      }
    },
    {
      "type": "Feature",
      "geometry": {
        "type": "Point",
        "coordinates": [
          96.604975,
          41.71802,
          1675.0
        ]
      },
      "properties": {
        "content": "1107工作面",
        "nearest_tunnel": "1105进风巷",
        "distance": 238.1,
        "category": "cad_planning"
      }
    },
    {
      "type": "Feature",
      "geometry": {
        "type": "Point",
        "coordinates": [
          96.591971,
          41.719629,
          1683.8
        ]
      },
      "properties": {
        "content": "无煤区Ⅲ",
        "nearest_tunnel": "1105胶带顺槽",
        "distance": 926.8,
        "category": "cad_planning"
      }
    },
    {
      "type": "Feature",
      "geometry": {
        "type": "Point",
        "coordinates": [
          96.618726,
          41.719792,
          1738.3
        ]
      },
      "properties": {
        "content": "加1002",
        "nearest_tunnel": "主斜井机尾联络巷",
        "distance": 220.6,
        "category": "cad_planning"
      }
    },
    {
      "type": "Feature",
      "geometry": {
        "type": "Point",
        "coordinates": [
          96.613393,
          41.724474,
          1690.4
        ]
      },
      "properties": {
        "content": "红沙梁露天矿",
        "nearest_tunnel": "1105回风顺槽",
        "distance": 642.0,
        "category": "cad_planning"
      }
    },
    {
      "type": "Feature",
      "geometry": {
        "type": "Point",
        "coordinates": [
          96.614676,
          41.716772,
          1720.9
        ]
      },
      "properties": {
        "content": "单轨吊充电检修硐室",
        "nearest_tunnel": "中央辅运大巷",
        "distance": 112.0,
        "category": "cad_planning"
      }
    },
    {
      "type": "Feature",
      "geometry": {
        "type": "Point",
        "coordinates": [
          96.606272,
          41.713788,
          1628.0
        ]
      },
      "properties": {
        "content": "加904",
        "nearest_tunnel": "主水仓",
        "distance": 185.7,
        "category": "cad_planning"
      }
    }
  ]
}